songRank,songName,songPosts,songLikes,songComments,songSampleTitles
1,Drivers License Olivia Rodrigo,132,13847,3968,"""Driver's License"" (Olivia Rodrigo Metal Cover) by Lost Lake
Lost Lake - Driver's License (Olivia Rodrigo Metal Cover)
Hi friends! I made a cover for Drivers License (Olivia Rodrigo). Please check it out and subscribe to hear more videos!! :)
Hi friends! I made a cover for Drivers License (Olivia Rodrigo). Please check it out and subscribe to hear more videos!! :)
drivers license, Olivia Rodrigo - home studio performance by Tito Larios
Burn The Witch's Drivers License (Olivia Rodrigo, Radiohead) [3:16]
Here Are the Lyrics to Olivia Rodrigo‚Äôs ‚ÄòDrivers License‚Äô Olivia Rodrigo&#8217;s smash debut singl...
California Driver's License, Olivia Rodrigo
Hi friends! I made a cover for Drivers License (Olivia Rodrigo). Please check it out and subscribe to hear more videos!! :)
drivers license, Olivia Rodrigo - cover in my home studio - Tito Larios
"
2,Up Cardi B,98,3113,940,"Surf's Up (Cardi B + The Beach Boys) - [2:39]
Looks like I picked up Cardi B‚Äôs Instacart order üòè
Up - Cardi B - https://wavwax.com/up-cardi-b/ - #exc.newmusic #facebook #hiphop #newmusicreleases #video #videohighlight
Up - Cardi B - https://wavwax.com/up-cardi-b/ - #exc.newmusic #facebook #hiphop #newmusicreleases #video #videohighlight
Watch Cardi B Pay Her Last Respects to 2020 in Music Video for New Song ""Up"" Cardi B really knows how to follow up a ...
Vroom Up (Cardi B, Charli XCX) - [2:47]
Who's Up (Cardi B, Beenie Man) - [3:19]
Up - Cardi B - ‚ñ∫ https://wavwax.com/up-cardi-b/ - https://wavwax.com/wp-content/uploads/2021/02/Up-Cardi-B.jpg
up cardi b reaction video
Cardi B Announces New Single ‚ÄòUP‚Äô Cardi B has a brand-new single on the wa...
"
3,Blinding Lights The Weeknd,57,9539,756,"Boulevard of Blinding Lights (The Weeknd, Green Day) - [4:19]
Bad Boys Under Blinding Lights (The Weeknd, Juice Wrld) - [3:23]
Sell Our Souls - Blinding Lights (The Weeknd Cover)
All of the Blinding Lights (The Weeknd, Kanye West) - [3:22]
Fantastic Electric Violin Cover of Blinding Lights (The Weeknd)
Blinding Lights (The Weeknd, Aha) - [3:38]
Album of the Year #5: The Weeknd - After Hours
Popheads Chart Year-End: Hot 100 of 2020
Super Bowl LV Storylines And Predictions
My ‚ÄúBest List‚Äù Predictions!
"
4,34 35 Ariana Grande,197,5337,1012,"Kerry Washington Wants to Get In on a ‚ÄòRemix to the Remix‚Äô of ‚Äô34+35‚Ä≤ Ariana Grande was touched by a tweet fro...
I made a MASHUP cover of 34+35 (Ariana Grande), Can't Take My Eyes Off You (Frankie Valli) and Hey There Delilah (Plain White Ts). Put a bit of work in this one and pretty happy with it so I'd really appreciate if you'd check it out and give some feedback :D
I'm a Slave 4 34+35 (Ariana Grande, Britney Spears) - [3:28]
I made a MASHUP cover of 34+35 (Ariana Grande), Can't Take My Eyes Off You (Frankie Valli) and Hey There Delilah (Plain White Ts). Put a bit of work in this one and pretty happy with it so I'd really appreciate if you'd check it out and give some feedback :D
I made a MASHUP cover of 34+35 (Ariana Grande), Can't Take My Eyes Off You (Frankie Valli) and Hey There Delilah (Plain White Ts). Put a bit of work in this one and pretty happy with it so I'd really appreciate if you'd check it out and give some feedback :D
I made a MASHUP cover of 34+35 (Ariana Grande), Can't Take My Eyes Off You (Frankie Valli) and Hey There Delilah (Plain White Ts). Put a bit of work in this one and pretty happy with it so I'd really appreciate if you'd check it out and give some feedback :D
Popheads Chart Year-End: Hot 100 of 2020
Who else agrees with me?
Not The End of The World Lyrics - Katy Perry
Ariana Grande - 34+35 Remix (feat. Doja Cat and Megan Thee Stallion)
"
5,Go Crazy Chris Brown & Young Thug,68,11546,3749,"Chris Brown & Young Thug Line Up a Trio of Co-Stars for ‚ÄòGo Crazy‚Äô Remix Chris Brown and Young Thug are ready to ...
Chris Brown & Young Thug Line Up a Trio of Co-Stars for ‚ÄòGo Crazy‚Äô Remix Chris Brown and Young Thug are ready to ...
Chris Brown & Young Thug Line Up a Trio of Co-Stars for ‚ÄòGo Crazy‚Äô Remix Chris Brown and Young Thug are ready to ...
Chris Brown (feat. Arijit Singh) Go Crazy x Samjhawan
Chris Brown & Young Thug‚Äôs ‚ÄòGo Crazy‚Äô Breaks Top 10 Longevity Record on Rhythmic Airplay Chart Chris Brown and Young Thug‚Äôs ‚ÄúGo Crazy‚Äù ...
Chris Brown & Young Thug - Go Crazy (NJCLUB Remix)
Learn English through songs and lyrics || Go Crazy by Chris Brown & Youn...
Learn English through songs and lyrics || Go Crazy by Chris Brown & Youn...
Chris Brown & Young Thug - Go Crazy (NJCLUB Remix) [Twerk]
Remix Planet [25-Nov-2020] B2K X Mohambi &#8211; Bump Bump Bump X Bumpy Ride 2019 (Moombahton &#8211; Bootleg) (Mainstream &#8211; VIP &#8211; Mash-Up Edit) (Julo Cruz Edit) 104 Bpm Clean.mp3 Chris Brown X Young Thug &#8211; Go Crazy X Gimme That 2020 (Mainstream &#8211; VIP &#8211; Mixshow &#82...
"
6,Save Your Tears The Weeknd,188,8753,1305,"Hear me now (Alok) and Save your tears (The Weeknd)
Save Your Tears - The Weeknd - https://wavwax.com/save-your-tears-the-weeknd/ - #exc.newmusic #facebook #newmusicreleases #pop #video #videohighlight - #trending #pop #dj #musicstreaming #music #video #indie #artist #hiphop #rap
Save Your Tears - The Weeknd - https://wavwax.com/save-your-tears-the-weeknd/ - #exc.newmusic #facebook #newmusicreleases #pop #video #videohighlight - #trending #pop #dj #musicstreaming #music #video #indie #artist #hiphop #rap
Nightcore - Save your tears (The Weeknd) [RnB]
Save Your Tears - The Weeknd - ‚ñ∫ https://tinyurl.com/y4o3vrud - #exc.newmusic #facebook #newmusicreleases #pop #video #videohighlight https://wavwax.com/wp-content/uploads/2021/01/Save-Your-Tears-The-Weeknd.jpg
Save Your Tears - The Weeknd - ‚ñ∫ https://tinyurl.com/y2pjy876 - #exc.newmusic #facebook #newmusicreleases #pop #video #videohighlight https://wavwax.com/wp-content/uploads/2021/01/Save-Your-Tears-The-Weeknd.jpg
Nightcore - Save Your Tears (The Weeknd) [Pop] I think you will like this one. I took me a long to make this one. ENJOY <3
Save Your Tears - The Weeknd - ‚ñ∫ https://tinyurl.com/y6fm6zhg - #exc.newmusic #facebook #newmusicreleases #pop #video #videohighlight https://wavwax.com/wp-content/uploads/2021/01/Save-Your-Tears-The-Weeknd.jpg
The Weeknd Is Completely Unrecognizable With Prosthetic Fillers In New Music Video For ‚ÄòSave Your Tears‚Äô The Weeknd showed off incredible prosthe...
Save Your Tears - The Weeknd - ‚ñ∫ https://tinyurl.com/y4xax2c8 - #exc.newmusic #facebook #newmusicreleases #pop #video #videohighlight https://wavwax.com/wp-content/uploads/2021/01/Save-Your-Tears-The-Weeknd.jpg
"
7,Mood 24kGoldn Featuring iann dior,11,681,460,"24kGoldn featuring iann dior - Mood [2020]
Billboard Chart Discussion - Week Of February 06, 2021
Billboard Chart Discussion - Week Of February 13, 2021
Billboard Chart Discussion - Week Of January 30, 2021
Billboard Chart Discussion - Week Of February 20, 2021
Billboard Chart Discussion - Week Of January 09, 2021 | Mood returns to #1 | Blinding Lights back in top 10
Billboard Chart Discussion - Week Of January 16, 2021
Billboard Chart Discussion - Week Of December 26, 2020 | Taylor Swift blocks Kid Cudi from #1 album
Billboard Chart Discussion - Week Of January 02, 2021 | Mood is the only non-Christmas song in the top 10
Billboard Chart Discussion - Week Of January 23, 2021
"
8,Calling My Phone Lil Tjay Featuring 6LACK,3,482,96,"Lil Tjay announces new song ‚ÄòCalling My Phone‚Äô featuring 6LACK, dropping 2/12
New Music Friday: February 12th, 2021
The Weekly [Fresh]ness - week of Sunday, February 7, 2021
"
9,What You Know Bout Love Pop Smoke,82,2401,814,"üéß~What You Know Bout Love Pop Smoke
Pop Smoke‚Äôs ‚ÄúWhat You Know Bout Love‚Äù Reaches New Peak on Billboard Hot 100 This Week
I Put ""Ransom"" Over ""What You Know Bout Love"" By Pop Smoke While Waitin For WLYT2
Pop Smoke's ""What You Know 'Bout Love"" video taken down due to copyright
[FRESH VIDEO] POP SMOKE - WHAT YOU KNOW BOUT LOVE (Official Video)
I Put ""Ransom"" Over ""What You Know Bout Love"" By Pop Smoke by Rene NOW ON SOUNDCLOUD!
I Put ""Ransom"" Over ""What You Know Bout Love"" By Pop Smoke #PopSmokeTribute
I Put ""Ransom"" Over ""What You Know Bout Love"" By Pop Smoke
I Put ""Ransom"" Over ""What You Know Bout Love"" By Pop Smoke #PopSmokeTribute
POP SMOKE - WHAT YOU KNOW BOUT LOVE (Official Video)
"
10,Levitating Dua Lipa Featuring DaBaby,20,991,661,"Dua Lipa - Levitating Featuring DaBaby [TikTok Edition]
Dua Lipa - Levitating Featuring DaBaby (Official Music Video)
Dua Lipa - Levitating Featuring DaBaby [TikTok Edition]
Dua Lipa - Levitating Featuring DaBaby (NightCore) Duku & All Might Motivational Trap Mix
Dua Lipa - Levitating Featuring DaBaby (NightCore)
Dua Lipa - Levitating Featuring DaBaby [TikTok Edition]
2020 Ultimate Ultimate Rate (The Weeknd/Dua/Gaga/Taylor)
Billboard Chart Discussion - Week Of February 13, 2021
Billboard Chart Discussion - Week Of February 06, 2021
Billboard Chart Discussion - Week Of February 20, 2021
"
11,Positions Ariana Grande,127,5659,1279,"Ariana Grande Reveals Titles of Four Bonus Tracks on Deluxe ‚ÄòPositions‚Äô Ariana Grande has revealed the titles of...
Ariana Grande Replaces Herself Atop Pop Airplay Chart as ‚Äô34+35‚Ä≤ Dethrones ‚ÄòPositions‚Äô Ariana Grande maintains the top spot on ...
Ariana Grande Teases Deluxe Edition of Album With Four New ‚ÄòPositions‚Äô Ariana Grande has some new positions for...
Positions Ariana Grande Cover
7 Positions: Ariana Grande [ravedj]
Klingelt√∂ne herunterladen Positions Ariana Grande | Klingeltonkostenlos.de
Ariana Grande Scores Seventh Pop Songs Chart No. 1 With ‚ÄòPositions‚Äô Ariana Grande&#8217;s &#8220;Positions&#...
R&B Artist Spotlight: PARTYNEXTDOOR
Popheads Chart Year-End: Hot 100 of 2020
R&B Artist Spotlight: PARTYNEXTDOOR
"
12,Therefore I Am Billie Eilish,81,2275,1241,"I think this is the right place for this video - Ellie Dixon Therefore I Am (Billie Eilish Cover + Original Verse)
‚ÄúI think, therefore I am‚Äù -Billie Eilish but... (First thing like this, I hope no one‚Äôs already done this)
Popheads Chart Year-End: Hot 100 of 2020
üé∂ Break-Up Songs üé∂
Billie Eilish's ""Therefore I am"" in Glendale Mall
Billie Eilish - Therefore I Am / Youjin Kim Choreography
Therefore I am Eternal (Billie Eilish x Mick Gordon mashup)
Stupid Request: Can someone mashup/edit the ACE family ""STOP"" soundbite with Billie Eilish - Therefore I Am?
Therefore I Am - Billie Eilish | DRUM COVER Domino Santantonio
Improvviso su cose n.1 [Therefore I Am - Billie Eilish]
"
13,Back In Blood Pooh Shiesty Featuring Lil Durk,9,882,430,"Billboard Chart Discussion - Week Of February 13, 2021
New Music Friday: February 5th, 2021
Billboard Chart Discussion - Week Of February 06, 2021
Billboard Chart Discussion - Week Of February 20, 2021
Billboard Chart Discussion - Week Of January 16, 2021
Billboard Chart Discussion - Week Of January 30, 2021
New Music Friday: December 11th, 2020
Billboard Chart Discussion - Week Of January 23, 2021
[FIRST IMPRESSIONS] Pooh Shiesty - Shiesty Season
"
14,For The Night Pop Smoke Featuring Lil Baby & DaBaby,20,1554,683,"Billboard Chart Discussion - Week Of February 13, 2021
Billboard Chart Discussion - Week Of February 06, 2021
Billboard Chart Discussion - Week Of February 20, 2021
[For Sale] 500 vinyl records, shipping within the EU
Billboard Chart Discussion - Week Of January 09, 2021 | Mood returns to #1 | Blinding Lights back in top 10
Billboard Chart Discussion - Week Of January 30, 2021
Billboard Chart Discussion - Week Of January 16, 2021
Billboard Chart Discussion - Week Of December 26, 2020 | Taylor Swift blocks Kid Cudi from #1 album
New Music Friday: December 11th, 2020
Billboard Chart Discussion - Week Of January 02, 2021 | Mood is the only non-Christmas song in the top 10
"
15,Beat Box SpotemGottem Featuring Pooh Shiesty Or DaBaby,4,203,203,"Billboard Chart Discussion - Week Of February 13, 2021
Billboard Chart Discussion - Week Of February 20, 2021
Billboard Chart Discussion - Week Of February 06, 2021
Billboard Chart Discussion - Week Of January 30, 2021
"
16,Dakiti Bad Bunny & Jhay Cortez,41,1001,525,"Bad Bunny Edit - Dakiti | IG: @le7ras
Europa Remix [01-Dec-2020] Bad Bunny x Jhay Cortez &#8211; Dakiti &#8211; Intro Outro &#8211; Acapella &#8211; 110Bpm &#8211; DJ CARLO KOU.m4a Bad Bunny x Jhay Cortez Ft. Darell & Mike Towers &#8211; Dakiti &#8211; Intro Outro &#8211; Mashup &#8211; 110Bpm &#8211; DJ CARLO KOU.m4a Chucky 73 &#82...
Bad Bunny and Jhay Cortez - Dakiti - Whistle Sound
Bad Bunny x Jhay Cortez - Dakiti (Polymer Remix)
Dakiti x Changes (Bad Bunny, 2Pac) - [3:03]
Latin Remixes [13-Dec-2020] Bad Bunny Jhay Cortez &#8211; Dakiti DJ Jesus Olivera Bounce Remix 128 bpm.mp3 Bad Bunny Jhay Cortez &#8211; Hoy Se Bebe Vs Dakiti DJ Jesus Olivera Reggaeton To Moombahton 96 110Bpm .mp3 Camilo &#8211; Vida De Rico Trake &#8211; EDIT .mp3 Chema Rivas &#8211; Entre...
Bootlegs [11-Dec-2020] Collini Black Eyed Peas &#8211; Mamacita (Collini Big Room Bootleg)[Clean] DJ OD Bad Bunny & Jhay Cortez vs Mr Belt & Wezol &#8211; Dakiti (DJ OD 'Homeless' Bootleg)[Clean] DJ OD Bad Bunny & Jhay Cortez vs Mr Belt & Wezol &#8211; Dakiti (DJ OD 'Homeless' Bootleg)[Dirty]...
Hyperz [12-Dec-2020] Aswad &#8211; Dont Turn Around (Reggae Hype In)[Clean] BLACKPINK Ft. Cardi B. &#8211; Bet You Wanna (Pop Hype Redrum) 111Bpm Clean Bad Bunny & Jhay Cortez &#8211; Dakiti DJ Jevi Jay Moombah Hype Intro Club Redrum & Outro 110 BPM Bee Gees &#8211; More Than A Woman (70s Redr...
Bootlegs [18-Dec-2020] 2 Unlimited &#8211; Tribal Dance (M4ny M0re Bootleg).mp3 Avicii &#8211; Levels (Tocadisco Bootleg).mp3 Bad Bunny & Jhay Cortez vs Twocolors vs Topic & A7S &#8211; Dakiti (Smassh 2020 Bootleg) (Clean).mp3 Bad Bunny & Jhay Cortez vs Twocolors vs Topic & A7S &#8211; Dakiti ...
DJ City [01-Dec-2020] 220 KID & JC Stewart &#8211; Too Many Nights &#8211; Dombresky Remix.mp3 Bad Bunny & Jhay Cortez &#8211; Dakiti &#8211; DJ Diesel & Dennyz D–±vila Remix (Dirty).mp3 Bad Bunny & ROSAL–ùA &#8211; LA NOCHE DE ANOCHE &#8211; Da Phonk Club Edit.mp3 Bad Bunny &#8211; MALDITA POBREZ...
"
17,You Broke Me First. Tate McRae,46,1606,685,"Passing the work day with music. üéß~you broke me first Tate McRae
‚ÄúYou Broke Me First‚Äù Tate McRae - Dance Fitness Cardio
üé∂ Break-Up Songs üé∂
TIL current globally charting alt-pop song ""you broke me first"" by Tate McRae was filmed in downtown Calgary
Tate McRae - You Broke Me First (The Tonight Show Starring Jimmy Fallon)
Tate McRae - You Broke Me First ( Conor Maynard Version ) cover by Duke
Tate McRae - You Broke Me First (EDM Cover by SoFi)
Tate McRae - You Broke Me First ( Conor Maynard Version ) cover by Duke
Tate McRae - You Broke Me First ( Conor Maynard Version ) cover by Duke
tate mcrae - you broke me first (cover)
"
18,Whoopty CJ,116,2858,1057,"My Hero Academia AMV - Whoopty [CJ]
Whoopty CJ Remix
My Hero Academia AMV - Whoopty [CJ]
Guy rapping (France)on Beat of Whoopty CJ
My Hero Academia AMV - Whoopty [CJ]
WHOOPTY (CJ,POP SMOKE) - [3:41]
WHOOPTY (CJ, Nipsey Hussle) - [2:43]
Here Are the Lyrics to CJ‚Äôs ‚ÄòWhoopty‚Äô CJ enters the top 40 of the Billboard Ho...
My Hero Academia AMV - Whoopty [CJ]
US Hot 100: ""drivers license"" remains at #1, The Weeknd's ""Save Your Tears"" rises to #8, CJ's ""Whoopty"" rises to #10
"
19,You're Mines Still Yung Bleu Featuring Drake,9,492,382,"Billboard Chart Discussion - Week Of February 13, 2021
Billboard Chart Discussion - Week Of February 06, 2021
Billboard Chart Discussion - Week Of February 20, 2021
Billboard Chart Discussion - Week Of January 09, 2021 | Mood returns to #1 | Blinding Lights back in top 10
Billboard Chart Discussion - Week Of January 16, 2021
Billboard Chart Discussion - Week Of January 30, 2021
Billboard Chart Discussion - Week Of January 02, 2021 | Mood is the only non-Christmas song in the top 10
Billboard Chart Discussion - Week Of January 23, 2021
The Weekly [Fresh]ness - week of Sunday, December 13, 2020
"
20,Good Time Niko Moon,20,893,523,"Niko Moon Hits No. 1 on Emerging Artists Chart, Thanks to Country Hit ‚ÄòGood Time‚Äô Niko Moon hits No. 1 on Billboard&#8217;...
Niko Moon Hits No. 1 on Emerging Artists Chart, Thanks to Country Hit ‚ÄòGood Time‚Äô Niko Moon hits No. 1 on Billboard&#8217;...
Niko Moon Hits No. 1 on Emerging Artists Chart, Thanks to Country Hit ‚ÄòGood Time‚Äô Niko Moon hits No. 1 on Billboard&#8217;...
Cover of Good Time by Niko Moon [F] [Acapella] [Blooper] [Country]
Sing Along with Niko Moon called Good Time [F]
Billboard Chart Discussion - Week Of February 13, 2021
Billboard Chart Discussion - Week Of February 20, 2021
Billboard Chart Discussion - Week Of February 06, 2021
Billboard Chart Discussion - Week Of January 30, 2021
Billboard Chart Discussion - Week Of January 16, 2021
"
21,My Ex's Best Friend Machine Gun Kelly X blackbear,14,792,509,"Billboard Chart Discussion - Week Of February 13, 2021
Billboard Chart Discussion - Week Of February 06, 2021
Billboard Chart Discussion - Week Of February 20, 2021
Billboard Chart Discussion - Week Of January 09, 2021 | Mood returns to #1 | Blinding Lights back in top 10
Billboard Chart Discussion - Week Of January 30, 2021
Billboard Chart Discussion - Week Of January 16, 2021
Billboard Chart Discussion - Week Of December 26, 2020 | Taylor Swift blocks Kid Cudi from #1 album
Popheads Album Of The Year 2020 #13: Machine Gun Kelly ‚Äì Tickets to My Downfall
Billboard Chart Discussion - Week Of January 02, 2021 | Mood is the only non-Christmas song in the top 10
Billboard Chart Discussion - Week Of January 23, 2021
"
22,Best Friend Saweetie Featuring Doja Cat,8,435,273,"Billboard Chart Discussion - Week Of February 13, 2021
Billboard Chart Discussion - Week Of February 06, 2021
Billboard Chart Discussion - Week Of February 20, 2021
New Music Friday: January 8th, 2021
Billboard Chart Discussion - Week Of January 30, 2021
Billboard Chart Discussion - Week Of January 23, 2021
Your /r/PopHeads [FRESH] recap for the week of January 03 - January 09
The Weekly [Fresh]ness - week of Sunday, January 3, 2021
"
23,Good Days SZA,164,15350,2192,"Good Day SZA‚ÄîPls be brutally honest
GOOD DAYS SZA *ASMR* COVER | lofi musical and tapping asmr | Percussive Sounds ASMR [intentional]
GOOD DAYS SZA *ASMR* COVER | [intentional] lofi musical and tapping asmr | Percussive Sounds ASMR
Here Are the Lyrics to SZA‚Äôs ‚ÄòGood Days‚Äô SZA has &#8220;Good Days&#8221; on her m...
US Hot 100: ""drivers license"" remains at #1, Dua Lipa's ""Levitating"" ft. DaBaby and SZA's ""Good Days"" see new peaks (#5 and #9)
[FRESH] SZA - Good Days (Audio)
SZA - Good Days
[FRESH VIDEO] SZA - Good Days (Official Fan Video - Part 1)
SZA teases ‚ÄúGood Days‚Äù music video
SZA announces she is changing the mix of Good Days after fans criticised the current mix
"
24,I Hope Gabby Barrett Featuring Charlie Puth,12,836,490,"Billboard Chart Discussion - Week Of February 13, 2021
Billboard Chart Discussion - Week Of February 06, 2021
Billboard Chart Discussion - Week Of February 20, 2021
Billboard Chart Discussion - Week Of January 16, 2021
Billboard Chart Discussion - Week Of January 09, 2021 | Mood returns to #1 | Blinding Lights back in top 10
Billboard Chart Discussion - Week Of January 30, 2021
Billboard Chart Discussion - Week Of December 26, 2020 | Taylor Swift blocks Kid Cudi from #1 album
Billboard Chart Discussion - Week Of January 02, 2021 | Mood is the only non-Christmas song in the top 10
Billboard Chart Discussion - Week Of January 23, 2021
Rock Band and the Billboard Year End Hot 100 2020
"
25,On Me Lil Baby,140,767,186,"Having a cute lil sale on my OF ü•≥ let me be the reason you cum today baby
üö® ONLYFANS SALE üö® hey guys! I'm having a January 45% OFF sale on my onlyfans for the next 30 days üòâ come see me be a naughty lil sissy in all my FULL LEGNTH VIDEOS AND PICTURES! üòà for just $5.50!! ‚ùå NO PAY PER VIEW ‚ùå lets cum together baby üí¶ ‚¨áÔ∏è LINK IN COMMENTS ‚¨áÔ∏è
My lil baby sleeping on my stomach! I‚Äôve had her 4 days and she has accepted me lol I couldn‚Äôt be happier. My favourite bonding.
Question about beardie staying in same spot...is this typical of 3month old babies? My lil guy, Finicky, spends 99% of his time on his branch. He doesn't venture around the enclosure, unless he's zooming around for me to take him out. Is this typical of their age?
Having a cute lil sale on my OF ü•≥ let me be the reason you cum today baby
Having a cute lil sale on my OF ü•≥ let me be the reason you cum today baby
Having a cute lil sale on my OF ü•≥ let me be the reason you cum today baby
[Ariana Grande] Hey lil bro! We finally have the house to ourselves! Ohh don't get all shy on me now. I'm taking your virginity, and you're taking mine. I've been waiting sooo long for this. So, stop your squirming. You're not going anywhere, baby~
Having a cute lil sale on my OF ü•≥ let me be the reason you cum today baby
Happy (almost) New Year homies, just wanted to drop my personal top 5 favorite albums from 2020 (not the biggest Lil Baby fan so don‚Äôt go crazy on me for leaving out My Turn)
"
26,Streets Doja Cat,71,7427,1256,"Song with similar background music to streets Doja cat
a short flow to streets by doja cat
Streets by Doja Cat
Just realized Doja Cat uses the Toronto Subway font for her 'Streets' video!
COMING SOON! üíûüêà Doja Cat - Streets [Rendition]üíã
Doja Cat - Hot Pink Sessions: Streets (Look 1)
in my head x streets (ariana grande and doja cat mashup)
Streets x Nights (Doja Cat, Frank Ocean) - [1:50]
(IIL) Songs Like ‚ÄòStreets‚Äô by Doja Cat
Recent (last ten years)Rap or R&b song with a male rapper that sounds similar to the beginning of Streets by Doja Cat
"
27,Better Together Luke Combs,23,784,504,"Perfect 10: Luke Combs Extends Career-Opening No. 1 Streak on Country Airplay With ‚ÄòBetter Together‚Äô Luke Combs banks his record-extending 10...
Luke Combs Song Better Together - Mandela Effect Switch In Progress Now?
Luke Combs - Better Together - Cover
Billboard Chart Discussion - Week Of February 13, 2021
Billboard Chart Discussion - Week Of February 06, 2021
Billboard Chart Discussion - Week Of February 20, 2021
Billboard Chart Discussion - Week Of January 09, 2021 | Mood returns to #1 | Blinding Lights back in top 10
Billboard Chart Discussion - Week Of January 30, 2021
Billboard Chart Discussion - Week Of January 16, 2021
2021-02-05 & 2021-02-12 : New Country
"
28,Throat Baby (Go Baby) BRS Kash,35,1094,690,"Throat baby go baby- brs kash artwork by Ali Adobe -my second motion art work that i create for a beautiful music of BRSkash i hope you like it title :Throat baby go baby
So Freaky - BRS Kash - ‚ñ∫ https://wavwax.com/so-freaky-brs-kash/ - https://wavwax.com/wp-content/uploads/2021/01/Throat-Baby-Go-Baby-Remix-BRS-Kash-Feat.-DaBaby-City-Girls.jpg
Throat Baby Go Baby (Remix) - BRS Kash Feat. DaBaby & City Girls - https://wavwax.com/throat-baby-go-baby-remix-brs-kash-feat-dababy/ - #exc.newmusic #facebook #hiphop #newmusicreleases #video #videohighlight - #trending #pop #dj #musicstreaming #music #video #indie #artist #hiphop #rap
So Freaky - BRS Kash - ‚ñ∫ https://wavwax.com/so-freaky-brs-kash/ - https://wavwax.com/wp-content/uploads/2021/01/Throat-Baby-Go-Baby-Remix-BRS-Kash-Feat.-DaBaby-City-Girls.jpg
Throat Baby Go Baby (Remix) - BRS Kash Feat. DaBaby & City Girls - https://wavwax.com/throat-baby-go-baby-remix-brs-kash-feat-dababy/ - #exc.newmusic #facebook #hiphop #newmusicreleases #video #videohighlight
Throat Baby Go Baby (Remix) - BRS Kash Feat. DaBaby & City Girls - https://wavwax.com/throat-baby-go-baby-remix-brs-kash-feat-dababy/ - #exc.newmusic #facebook #hiphop #newmusicreleases #video #videohighlight
Throat Baby Go Baby (Remix) - BRS Kash Feat. DaBaby & City Girls - https://wavwax.com/throat-baby-go-baby-remix-brs-kash-feat-dababy/ - #exc.newmusic #facebook #hiphop #newmusicreleases #video #videohighlight - #trending #pop #dj #musicstreaming #music #video #indie #artist #hiphop #rap
Throat Baby Go Baby (Remix) - BRS Kash Feat. DaBaby & City Girls - ‚ñ∫ https://tinyurl.com/y4zcq84s - #hiphop #newmusicreleases https://wavwax.com/wp-content/uploads/2021/01/Throat-Baby-Go-Baby-Remix-BRS-Kash-Feat.-DaBaby-City-Girls.jpg
Throat Baby Go Baby (Remix) - BRS Kash Feat. DaBaby & City Girls - ‚ñ∫ https://tinyurl.com/y5bdmkwt - #hiphop #newmusicreleases https://wavwax.com/wp-content/uploads/2021/01/Throat-Baby-Go-Baby-Remix-BRS-Kash-Feat.-DaBaby-City-Girls.jpg
Go Baby (Remix) - BRS Kash Feat. DaBaby & City Girls - ‚ñ∫ https://tinyurl.com/y3bhznj9 - #exc.newmusic #facebook #hiphop #newmusicreleases https://wavwax.com/wp-content/uploads/2021/01/Throat-Baby-Go-Baby-Remix-BRS-Kash-Feat.-DaBaby-City-Girls.jpg
"
29,Holy Justin Bieber Featuring Chance The Rapper,12,824,485,"Billboard Chart Discussion - Week Of February 13, 2021
Billboard Chart Discussion - Week Of February 06, 2021
Billboard Chart Discussion - Week Of February 20, 2021
Billboard Chart Discussion - Week Of January 09, 2021 | Mood returns to #1 | Blinding Lights back in top 10
Billboard Chart Discussion - Week Of January 16, 2021
Billboard Chart Discussion - Week Of January 30, 2021
Billboard Chart Discussion - Week Of December 26, 2020 | Taylor Swift blocks Kid Cudi from #1 album
Billboard Chart Discussion - Week Of January 02, 2021 | Mood is the only non-Christmas song in the top 10
Billboard Chart Discussion - Week Of January 23, 2021
Billboard Chart Discussion - Week Of December 19, 2020 | Mariah Carey returns to #1
"
30,Put Your Records On Ritt Momney,13,638,442,"MVGEN: Ritt Momney : Put Your Records On
Billboard Chart Discussion - Week Of February 13, 2021
Billboard Chart Discussion - Week Of February 20, 2021
Billboard Chart Discussion - Week Of February 06, 2021
Billboard Chart Discussion - Week Of January 30, 2021
Billboard Chart Discussion - Week Of January 16, 2021
Billboard Chart Discussion - Week Of January 09, 2021 | Mood returns to #1 | Blinding Lights back in top 10
Charity Rate III
Billboard Chart Discussion - Week Of January 02, 2021 | Mood is the only non-Christmas song in the top 10
Billboard Chart Discussion - Week Of January 23, 2021
"
31,Anyone Justin Bieber,196,17139,3278,"Anyone - Justin Bieber - https://wavwax.com/anyone-justin-bieber/ - #exc.newmusic #facebook #newmusicreleases #pop #video #videohighlight - #trending #pop #dj #musicstreaming #music #video #indie #artist #hiphop #rap
Anyone - Justin Bieber - https://wavwax.com/anyone-justin-bieber/ - #exc.newmusic #facebook #newmusicreleases #pop #video #videohighlight - #trending #pop #dj #musicstreaming #music #video #indie #artist #hiphop #rap
Anyone - Justin Bieber - https://wavwax.com/anyone-justin-bieber/ - #exc.newmusic #facebook #newmusicreleases #pop #video #videohighlight
Hailey Bieber Is Justin&#039;s Muse in Intimate Music Video for ""Anyone"" Justin Bieber may have a song called ""Lo...
Anyone - Justin Bieber - https://wavwax.com/anyone-justin-bieber/ - #exc.newmusic #facebook #newmusicreleases #pop #video #videohighlight
Just Anyone (Justin Bieber x No Doubt) [3:14]
Justin Bieber Lands 20th Streaming Songs Top 10 With ‚ÄòAnyone‚Äô Justin Bieber earns his 20th top 10 on B...
US Hot 100: ""Mood"" remains at #1, Justin Bieber's ""Anyone"" debuts top 10, AJR's ""Bang!"" becomes their first top 10 hit
UK Singles Chart: Little Mix score their fifth UK number one single with ‚ÄúSweet Melody‚Äù. Ed Sheeran climbs to number two with ‚ÄúAfterglow‚Äù, while Justin Bieber scores this week‚Äôs highest new entry with ‚ÄúAnyone‚Äù (#4).
Justin Bieber - Anyone
"
32,Willow Taylor Swift,222,20258,11246,"""Willow"" Taylor Swift - New Lesson!
""Willow"" Taylor Swift Lesson
New Hope Club - Willow (Taylor Swift Cover)
""Willow"" Taylor Swift Lesson
Bad Blood x willow (Taylor Swift Mashup)
Learn English through songs and lyrics || Willow Taylor Swift
Learn English through songs and lyrics || Willow Taylor Swift
willow- Taylor Swift piano singalong cover by Kai. Thank you for watching!
Here Are the Lyrics to Taylor Swift‚Äôs ‚ÄòWillow‚Äô Taylor Swift climbs up the Billboard Hot...
Taylor Swift Completes Chart Double In Australia With ‚ÄòEvermore,‚Äô ‚ÄòWillow‚Äô Taylor Swift is in record-setting form i...
"
33,Just The Way Parmalee x Blanco Brown,9,542,351,"Billboard Chart Discussion - Week Of February 13, 2021
Billboard Chart Discussion - Week Of February 20, 2021
Billboard Chart Discussion - Week Of February 06, 2021
Rolling Stone Charts: Cardi B‚Äôs ‚ÄòUp‚Äô Launches at Number One
Billboard Chart Discussion - Week Of January 30, 2021
Billboard Chart Discussion - Week Of January 09, 2021 | Mood returns to #1 | Blinding Lights back in top 10
Billboard Chart Discussion - Week Of January 16, 2021
Billboard Chart Discussion - Week Of January 23, 2021
2020 Billboard Hot Country Songs Charts Year in Review
"
34,Without You The Kid LAROI,75,2044,887,"Dunno if It's been done before. Song: Without You-The Kid LAROI
üéß~WITHOUT YOU The Kid LAROI
WITHOUT YOU- The Kid LAROI x Getting Over You by PAT Barnett
üé∂ Break-Up Songs üé∂
The Kid LAROI - WITHOUT YOU [lofi remix]
Kid Laroi's ""WITHOUT YOU"" and Shawn Mendes' ""Imagination"" have the exact same melody
Anyone else feel like ""Without You"" by The Kid Laroi and ""Stay For Awhile"" by Iann are pretty similar?
The Kid LAROI - WITHOUT YOU [lofi remix]
The Kid Laroi - Without You (cover by Ian Lee)
[tomt] song that has the same intro as without you by the kid laroi in the chorus, really pretty song
"
35,Bang! AJR,79,9717,1301,"RWBY AMV - BANG! AJR
songs like Bang! (AJR) or Emergency (Icona Pop)
The Cog is Dead - BANG! (AJR cover) [Rock]
US Hot 100: ""Mood"" remains at #1, Justin Bieber's ""Anyone"" debuts top 10, AJR's ""Bang!"" becomes their first top 10 hit
AJR DID IT they've got over 9 million listeners this month, Bang in near to hit 100 million times played and ""Burn The House Down"" hit 200 million. Congrats (I'll upload second post when Bang hits 100 million, spotify data)
The dancing black guy is back!! Haven‚Äôt been posting consistently like I use to but I‚Äôm back and starting to do it!! In the words of ajr bang ‚Äú HERE WE GO‚Äù #flipping things is fun
AJR bang! But youl just need to see for yourself.
Have you ever noticed that the music video for Bang is filmed in a ""house of entertainers and thieves"" (I.e., a casino), and not only that, but... AJR is playing both of those roles themselves...
AJR - Bang! (The Late Late Show with James Corden)
I‚Äôm up to something. I am learning a song, cause I want create a cover version AJR - BANG! –í—Å–µ—Ö –æ–±–Ω—è–ª!
"
36,Down To One Luke Bryan,63,3274,1486,"Luke Bryan - Down to One (Lyrics)
Hotlist: Luke Bryan - Down To One (Official Music Video)
2021 NFL Mock Draft 7-Round
Billboard Chart Discussion - Week Of February 13, 2021
Premier League Watch Thread
Billboard Chart Discussion - Week Of February 06, 2021
Fri. Feb. 12 Daily HUT Content - What is new?
Billboard Chart Discussion - Week Of February 20, 2021
[OC][JVerse]The Deathworlders 71: Sticks and Stones
(Spoilers Extended) The Sun Also Sets: Fan-Service and the Adaptation of Dorne in GAME OF THRONES
"
37,No More Parties Coi Leray Featuring Lil Durk,1,31,38,"Billboard Chart Discussion - Week Of February 20, 2021
"
38,Lemonade Internet Money & Gunna Featuring Don Toliver & NAV,72,3506,1831,"Lemonade (Internet Money) - Guitar Cover by Nitin Bharadwaj
Rainbow Six Siege Music Montage - ""Lemonade"" (Internet Money)
Like and Subscribe! Rainbow Six Siege Music Montage - ""Lemonade"" (Internet Money)
[REQUEST] Internet Money - Lemonade (feat. NAV) [FLAC]
[PLAY] Internet Money - Lemonade | Intro Cover
Lemonade - Internet Money (Guitar Cover)
Internet Money - Lemonade 12-Inch Vinyl Single
[Track]Lemonade - Internet Money, Don Toliver, Nav, Gunna (Lex Staine Remix)
Internet Money - Lemonade (Ant Abbott Edit)
""Sabotage"" - An Among Us Parody of Lemonade by Internet Money (Music Video)
"
39,Telepatia Kali Uchis,0,0,0,
40,The Good Ones Gabby Barrett,24,1271,557,"One of The Good Ones (Gabby Barrett)
One of The Good Ones - Gabby Barrett
Billboard Chart Discussion - Week Of February 13, 2021
Billboard Chart Discussion - Week Of February 06, 2021
Billboard Chart Discussion - Week Of February 20, 2021
Analyzing the lyrics of 14,500 Country songs
2021-02-05 & 2021-02-12 : New Country
Billboard Chart Discussion - Week Of January 16, 2021
Billboard Chart Discussion - Week Of January 09, 2021 | Mood returns to #1 | Blinding Lights back in top 10
Billboard Chart Discussion - Week Of January 30, 2021
"
41,Lonely Justin Bieber & benny blanco,58,849,69,"Is anyone else annoyed by Justin Bieber's new song Lonely?
On Justin Bieber‚Äôs ¬´lonely¬ª music video
Like Justin Bieber said, one less lonely girl, amirite ladies
Samsung / Justin Bieber / Lonely
Justin Bieber Lonely Parody
Justin Bieber & benny blanco - Lonely (Official Acoustic Video)
Justin Bieber Serenading Fans ( Rare Acoustic Sets ) { Nothing like us, One less lonely girl }
Justin Bieber & benny blanco - Lonely (BUT IT WAS MADE IN THE 80's)
Lonely - Justin Bieber Piano Cover
Samsung.... please please please please please stop the commercials w/ Justin Bieber‚Äôs ‚ÄúLonely‚Äù song
"
42,Cry Baby Megan Thee Stallion Featuring DaBaby,17,1092,575,"Watch The Music Video For 'Cry Baby' By Megan Thee Stallion Featuring DaBaby
Megan Thee Stallion, DaBaby Reenact ‚ÄòToy Story‚Äô in ‚ÄòCry Baby‚Äô Video Good News visual features Instagram comd...
Billboard Chart Discussion - Week Of February 13, 2021
Billboard Chart Discussion - Week Of February 06, 2021
Billboard Chart Discussion - Week Of February 20, 2021
New Music Friday: January 15th, 2021
Billboard Chart Discussion - Week Of January 09, 2021 | Mood returns to #1 | Blinding Lights back in top 10
Billboard Chart Discussion - Week Of January 30, 2021
Billboard Chart Discussion - Week Of January 16, 2021
Billboard Chart Discussion - Week Of December 26, 2020 | Taylor Swift blocks Kid Cudi from #1 album
"
43,Dynamite BTS,64,18072,1305,"GWSN Seokyoung - NUNU NANA (Jessi), Why Not? (LOONA), Not Shy (ITZY), Lovesick Girls (BLACKPINK), Dynamite (BTS), Make A Wish (NCT U), Kick It (NCT 127), Idea (SHINee Taemin), Black Mamba (aespa), Total Eclipse + Growing~ For Groo + BLOOM (GWSN) (Dance Cover)
cignature - As You Wish (WJSN), I Got A Boy (Girls' Generation / SNSD) & Bling Bling - Dynamite (BTS), I Can't Stop Me (TWICE) @ Fact In Star (210122)
CRAVITY - Dynamite (BTS), Simon Says (NCT127), Pirate King (ATEEZ), Oh My! (SEVENTEEN), Flame (CRAVITY), Make A Wish (NCT U), Follow (MONSTA X) @ GEM (210122) [ENG]
Cherry Bullet - Dance Cover: Lovesick Girls (BLACKPINK), Make A Wish (NCT U), Mr. Ambiguous (MAMAMOO), Rookie (Red Velvet), Dynamite (BTS), Senorita ((G)I-DLE), Flower Shower (HyunA), I Got A Boy (Girls' Generation / SNSD) @ Fact In Star (210129)
LUNARSOLAR - Acapella Medley: Love Me Right (EXO), Party (Girls' Generation / SNSD), Time For The Moon Night (GFriend), Forever Young (BLACKPINK), Dance The Night Away (TWICE), Dynamite (BTS) @ Weekly Idol Episode 492 (201230)
GIRLKIND - Candy (H.O.T), Nobody (Wonder Girls), Genie (Girls' Generation), Dynamite (BTS) (1990s to 2020s Dance Cover)
Dynamite (BTS) - Smooth Walker
Dynamite (BTS) - Smooth Walker
Dynamite (BTS) - Smooth Walker
Dynamite (BTS) - Bardcore (Real Instruments)
"
44,What's Your Country Song Thomas Rhett,21,2045,1144,"More than 100 authors! Over 250 books FREE or $/¬£0.99! The 2020 r/Fantasy Holiday MegaSale has begun! - (posted with moderator approval) -
Billboard Chart Discussion - Week Of February 13, 2021
Billboard Chart Discussion - Week Of February 06, 2021
Billboard Chart Discussion - Week Of February 20, 2021
Billboard Chart Discussion - Week Of January 30, 2021
Billboard Chart Discussion - Week Of January 09, 2021 | Mood returns to #1 | Blinding Lights back in top 10
Analyzing the lyrics of 14,500 Country songs
Billboard Chart Discussion - Week Of January 16, 2021
Analyzing the lyrics of 14,500 Country songs
My opinion on Country Music and Pop Music
"
45,My Head And My Heart Ava Max,24,1808,311,"""Kings & Queens"" by Ava Max has been pulled from US radio and ""My Head & My Heart"" will officially impact on February 16th
AVA MAX on Twitter: ""Who wants a music video for ‚ÄúMy head and My heart?‚Äù Brain + Heart suit ... Smirking face""
AVA MAX on Instagram: ""Who wants a music video for ‚ÄúMy head and My heart?‚Äù üß† + ‚ô•Ô∏è ... üòè""
Born This Way: the influences r/popheads overlooks
Popheads Album of the Year 2020 #24: Taylor Swift - evermore
Billboard Chart Discussion - Week Of February 20, 2021
Weekly New Release Thread - February 12th, 2021
Dee Pression's Drag Race - HoP Edition | Episode 1 ""Lights, Camera, Lip-Sync!""
Full Quest Proposal - Ava's Avanced Avacation
Copy pasta
"
46,Damage H.E.R.,11,660,459,"Does Mya deserve a credit on H.E.R's recent hit ""Damage""? (lyrically)
Billboard Chart Discussion - Week Of February 13, 2021
Billboard Chart Discussion - Week Of February 20, 2021
Billboard Chart Discussion - Week Of February 06, 2021
Billboard Chart Discussion - Week Of January 30, 2021
Billboard Chart Discussion - Week Of January 09, 2021 | Mood returns to #1 | Blinding Lights back in top 10
Billboard Chart Discussion - Week Of December 26, 2020 | Taylor Swift blocks Kid Cudi from #1 album
Billboard Chart Discussion - Week Of January 16, 2021
Billboard Chart Discussion - Week Of January 02, 2021 | Mood is the only non-Christmas song in the top 10
Billboard Chart Discussion - Week Of January 23, 2021
"
47,Laugh Now Cry Later Drake Featuring Lil Durk,12,809,487,"Billboard Chart Discussion - Week Of February 13, 2021
Billboard Chart Discussion - Week Of February 06, 2021
Billboard Chart Discussion - Week Of February 20, 2021
Billboard Chart Discussion - Week Of January 09, 2021 | Mood returns to #1 | Blinding Lights back in top 10
Billboard Chart Discussion - Week Of January 16, 2021
Billboard Chart Discussion - Week Of January 30, 2021
Billboard Chart Discussion - Week Of December 26, 2020 | Taylor Swift blocks Kid Cudi from #1 album
Billboard Chart Discussion - Week Of January 02, 2021 | Mood is the only non-Christmas song in the top 10
Billboard Chart Discussion - Week Of January 23, 2021
Billboard Chart Discussion - Week Of December 19, 2020 | Mariah Carey returns to #1
"
48,Starting Over Chris Stapleton,22,966,626,"My Pandemic Vinyl Record Project of 2020
My 20 Best Albums Of 2020
[Video] Starting Over by Chris Stapleton
Chris Stapleton - Starting Over (Official Music Video)
Thoughts on this song (Starting Over - Chris Stapleton), particularly as we head into 2021 and leave behind 2020?
Billboard Chart Discussion - Week Of February 13, 2021
Billboard Chart Discussion - Week Of February 06, 2021
Billboard Chart Discussion - Week Of February 20, 2021
Billboard Chart Discussion - Week Of January 16, 2021
Billboard Chart Discussion - Week Of January 09, 2021 | Mood returns to #1 | Blinding Lights back in top 10
"
49,Astronaut In The Ocean Masked Wolf,21,82,16,"Masked Wolf- Astronaut in the Ocean - Your Machine (Rock Cover)
Astronaut in the Ocean - Masked Wolf - Your Machine (Rock Cover)
Masked Wolf - Astronaut in the Ocean - Your Machine (Rock Cover)
Masked Wolf - Astronaut in the Ocean - Your Machine (Rock Cover)
Masked Wolf - Astronaut In The Ocean
Astronaut in the ocean - Masked Wolf
thought I'd make a cover or should I say make better for my iTunes... Masked Wolf - Astronauts In The Ocean
Masked Wolf - Astronaut In The Ocean (2021 remix)
Tokyo Ghoul„ÄåEDIT„ÄçAstronaut In The Ocean - Masked Wolf
Tokyo Ghoul„ÄåEDIT„ÄçAstronaut In The Ocean - Masked Wolf
"
50,Time Today Moneybagg Yo,16,497,109,"Time Today - MoneyBagg Yo - ‚ñ∫ https://wavwax.com/time-today-moneybagg-yo/ - https://wavwax.com/wp-content/uploads/2021/02/1612328995_6ae853a9f596435af3d30468f0ef14ca.jpg
Time Today - MoneyBagg Yo - ‚ñ∫ https://wavwax.com/time-today-moneybagg-yo/ - https://wavwax.com/wp-content/uploads/2021/02/1612328995_6ae853a9f596435af3d30468f0ef14ca.jpg
[EARLY] Moneybagg Yo - Time Today
[FRESH VIDEO] Moneybagg Yo - Time Today (Official Music Video)
Moneybagg Yo - Time today
Moneybagg Yo - Time Today (Alternative Cover)
Moneybagg Yo - Time Today (Brand New Music Video)
Moneybagg Yo - Time today
Moneybagg Yo ‚Äì Time Today Lyrics
Moneybagg Yo - Time Today Lyrics
"
51,We're Good Dua Lipa,99,7078,2154,"Dua Lipa Announces New Song ‚ÄòWe‚Äôre Good‚Äô Dua Lipa is bringing the groove into 202...
Dua Lipa - We're Good (Official Music Video)
Dua Lipa announces ‚ÄúWe‚Äôre Good‚Äù on Instagram, coming February 11th
Dua Lipa‚Äôs new single, ‚ÄúWe‚Äôre Good,‚Äù is being promoted to US pop radio upon release, Billboard reports. It drops tonight.
Dua Lipa shares trailer for We're Good music video
Dua Lipa - 'We're Good', 'Not My Problem (feat. JID)' and 'If It Ain't Me (Solo)'
[F] Cover of We're Good by Dua Lipa [Karaoke] [I've got lobsters on my mind]
Dua Lipa - We're Good ( Official Music Video)
Dua Lipa- We're Good
We're WAP Good (Dua Lipa, Cardi B ft. Megan Thee Stallion) - [2:50]
"
52,Long Live Florida Georgia Line,72,5144,3255,"Florida Georgia Line - Long Live
Florida Georgia Line Gives Us a Taste of Life Post-Pandemic With ‚ÄòLong Live‚Äô: Watch Life rolls on during the pandemic, but w...
Florida Georgia Line ‚Äì Long Live
Florida Georgia Line Bring Small-Town Celebrations to ‚ÄòKimmel‚Äô with ‚ÄòLong Live‚Äô Track appears on country duo's latest LP...
Biggest standouts from the 2021 Senior Bowl
CFP National Championship pres. by AT&T Match-up Preview Thread: CFB Belt Match: #1 Alabama Crimson Tide vs. #4 Ohio State Buckeyes
2021 NFL Mock Draft 7-Round
When a body is found 600 miles away... Extensive two part write up on the bizarre case of Judy Smith (1997). Part 1 of 2.
3 Round Mock + Team Analysis - First Draft
A Draft Pick, Free Agent Signing and Trade Target for all 32 teams
"
53,Beers And Sunshine Darius Rucker,11,419,344,"Darius Rucker - Beers and Sunshine (Official Music Video)
Beers and Sunshine - Darius Rucker
MVGEN: Darius Rucker : Beers And Sunshine
Billboard Chart Discussion - Week Of February 13, 2021
Billboard Chart Discussion - Week Of February 20, 2021
Billboard Chart Discussion - Week Of February 06, 2021
Billboard Chart Discussion - Week Of January 16, 2021
Billboard Chart Discussion - Week Of January 09, 2021 | Mood returns to #1 | Blinding Lights back in top 10
Billboard Chart Discussion - Week Of January 30, 2021
Billboard Chart Discussion - Week Of January 23, 2021
"
54,Heartbreak Anniversary Giveon,3,415,20,"My top 4 R&B songs of 2020
Giveon - Heartbreak Anniversary
this post is dumb
"
55,Monsters All Time Low Featuring Demi Lovato & blackbear ,10,674,391,"Billboard Chart Discussion - Week Of February 13, 2021
Billboard Chart Discussion - Week Of February 06, 2021
Billboard Chart Discussion - Week Of February 20, 2021
Billboard Chart Discussion - Week Of January 09, 2021 | Mood returns to #1 | Blinding Lights back in top 10
Billboard Chart Discussion - Week Of January 30, 2021
Billboard Chart Discussion - Week Of January 16, 2021
Billboard Chart Discussion - Week Of January 23, 2021
Duncan Laurence and ‚ÄúArcade‚Äù picking up steam in US?
Ranking ALL of Demi Lovato's Singles
63 Overlooked/Underrated Pop Songs From 2020 (with write-ups)
"
56,Body Megan Thee Stallion,93,4015,1419,"Vitamins In My Body (Megan Thee Stallion, Qveen Herby) - [2:54]
Please Stop Requesting the song ""Body"" by Megan Thee Stallion at SoVi
*Megan Thee Stallion‚Äôs ‚ÄúBody‚Äù starts playing*
Megan Thee Stallion - Body [Apple Music Awards 2020]
Megan Thee Stallion - Body (Joel Corry Remix)
As Megan Thee Stallion once said, got face I got body you name it I got it üòã
Megan Thee Stallion- Body- This is the laziest writing I have EVER heard.
Starlet of the Month PMV | Megan Thee Stallion | Body Instrumental
Alexa play Body by Megan Thee Stallion üòö
Megan Thee Stallion - Body (Choreo Edit)
"
57,Buss It Erica Banks,30,663,320,"Buss It Erica Banks Tiktok Challenge Presto Tiktok Memes
BUSS IT ERICA BANKS CHALLENGES P2 Tiktok Ironic Memes
BUSS IT ERICA BANKS CHALLENGES P2 Tiktok Ironic Memes
Erica Banks - Buss It (feat. Travis Scott)
[EARLY] Erica Banks - Buss It (feat. Travis Scott)
Anyone got a version of BUSS IT without Erica Banks?
Made Buss It without Erica Banks, Lmk your thoughts
[REQUEST] Erica Banks - Buss It (feat. Travis Scott) - Remix [24bit/44.1kHz]
Buss It (Remix) - Erica Banks Feat. Travis Scott - ‚ñ∫ https://wavwax.com/buss-it-remix-erica-banks-feat-travis-scott/ - https://wavwax.com/wp-content/uploads/2021/02/1613092678_c96c30e81d8161cfaffbf04f6cb1b721.jpg
Buss It (Remix) - Erica Banks Feat. Travis Scott - ‚ñ∫ https://wavwax.com/buss-it-remix-erica-banks-feat-travis-scott/ - https://wavwax.com/wp-content/uploads/2021/02/1613092678_c96c30e81d8161cfaffbf04f6cb1b721.jpg
"
58,Goosebumps Travis Scott & HVME,41,939,484,"You know these famous Italian rapper?
Songs like goosebumps suggestions
[FRESH] Travis Scott + HYME - Goosebumps (Remix)
black skinhead but it's goosebumps by travis scott
I added a guitar solo to Goosebumps by Travis Scott
Travis Scott, HVME - goosebumps (Remix)
black skinhead but with the goosebumps beat from travis scott
Travis Scott & HVME‚Äôs ‚ÄòGoosebumps‚Äô Tops Hot Dance/Electronic Songs Chart Travis Scott and HVME&#8217;s &#8220;Goo...
MVGEN: Travis Scott, Hvme : Goosebumps (remix
Goosebumps (Remix) - Travis Scott & HVME - https://wavwax.com/goosebumps-remix-travis-scott-hvme/ - #exc.newmusic #facebook #hiphop #newmusicreleases
"
59,Golden Harry Styles,93,5654,3046,"Cannons - Golden (Harry Styles Cover) [Indie-electro]
Heating Up! Harry Styles, Olivia Wilde Step Out After Wedding Date They‚Äôre so golden. Harry Styles and Oliv...
DLC Week of December 29th
What‚Äôs your best and worst songs on the radio right now?
A Playlist for Hopeless Romantics
Take a look at my Harry Styles fan art from the Golden music video! Do we Like?!?! My Ig is graphicmelly - would love the support!
DLC of 2/18: Anitta ft. Cardi B & Myke Towers - Me Gusta, Harry Styles - Golden, Marshmello, Imanbek ft. Usher - Too Much
I made a Harry Styles ""Golden"" orchestral cover!
[TOMT] Harry Styles - Golden
I drew Harry Styles from his Golden mv :) from my insta: esthertylerart ü§ç
"
60,Lady Brett Young,28,1165,489,"Billboard Chart Discussion - Week Of February 13, 2021
Billboard Chart Discussion - Week Of February 06, 2021
Billboard Chart Discussion - Week Of February 20, 2021
Analyzing the lyrics of 14,500 Country songs
I need to come clean....and be honest.
Billboard Chart Discussion - Week Of January 30, 2021
Billboard Chart Discussion - Week Of January 16, 2021
Analyzing the lyrics of 14,500 Country songs
Billboard Chart Discussion - Week Of January 02, 2021 | Mood is the only non-Christmas song in the top 10
Analyzing the lyrics of 14,500 Country songs
"
61,Heat Waves Glass Animals,98,11041,2349,"Heat Waves-Glass Animals
Likely Triple J Hottest 100 Top 10 coming this Saturday 23rd from Midday!
Likely Triple J Hottest 100 Top 10 coming this Saturday 23rd from midday!
Triple J names 'Glass Animals - Heat Waves' their #1 hottest song of the year
Glass Animals - Heat Waves (Oliver Heldens / Sonny Fodera Remixes)
Glass Animals - Heat Waves (Drum Cover) üî•
Heat Waves by Glass Animals tops Triple J's Hottest 100 of 2020
Heat Waves have entered the Billboard Top 100 chart at #100, it's the first Glass Animals song to ever enter the main Billboard chart!
Glass Animals - Heat Waves takes out #1 in triple j's Hottest 100 of 2020
Heat Waves have entered the Billboard Top 100 chart at #100, it's the first Glass Animals song to ever enter the main Billboard chart!
"
62,Wasted On You Morgan Wallen,22,504,404,"üé∂ Break-Up Songs üé∂
Check out my latest cover video! Morgan Wallen- wasted on you let me know what you guys think!! üî•üé∂üé∏
Morgan Wallen - Wasted On You (The Dangerous Sessions)
Wasted On You - Morgan Wallen - Ringtone for iPhone & Android - download free
Morgan Wallen - Wasted On You
Morgan Wallen - Wasted On You Lyrics
Morgan Wallen - Wasted On You (The Dangerous Sessions)
Morgan Wallen - Wasted on you[Country] - Covered by Luke
The Players Behind Morgan Wallen‚Äôs ‚ÄòWasted on You‚Äô: See the Full Credits Morgan Wallen‚Äôs ‚ÄúWasted on You‚Äù debuted ...
Morgan Wallen - Wasted On You (Lyrics) Dangerous: The Double Album (The...
"
63,La Noche de Anoche Bad Bunny & Rosalia,32,650,135,"BAD BUNNY x ROSAL√çA - LA NOCHE DE ANOCHE (Video Oficial)
Bad Bunny teases music video for ""La Noche De Anoche"" featuring Rosalia
BAD BUNNY x ROSAL√çA - LA NOCHE DE ANOCHE (Video Oficial)
BAD BUNNY x ROSAL√çA - LA NOCHE DE ANOCHE (Video Oficial)
BAD BUNNY x ROSAL√çA - LA NOCHE DE ANOCHE (Video Oficial)
ROSAL√çA ft. Bad Bunny - La Noche de Anoche MV Promo Pics
Bad Bunny y Rosal√≠a estrenan el video musical ""La noche de anoche""
BAD BUNNY x ROSAL√çA - LA NOCHE DE ANOCHE (Video Oficial)
El puertorrique√±o Bad Bunny y la espa√±ola Rosal√≠a estrenan el video oficial de ""La Noche De Anoche"", canci√≥n que por varias semanas se ha mantenido entre las m√°s reproducidas a nivel global. Velo en este enlace
BAD BUNNY x ROSAL√çA - LA NOCHE DE ANOCHE (Video Oficial)
"
64,AP Pop Smoke,46,3273,1108,"NEW Pop Smoke Music THIS MONTH... (AP/Nikes & Music Video SOON!)
A$AP Rocky shouts out Pop Smoke on Slowthais new song called MAZZA
[For Trade] A$AP Rocky, Kids See Ghosts, Curren$y, Tyler, The Creator, Juice WRLD, Pop Smoke, Chief Keef
A$AP Rocky - Sick Of The Sicka feat. Skepta, Pop Smoke [HQ] Unreleased
A$AP Rocky mentioned pop smoke on his newest feature (Slowthai - MAZZA)
A$AP Rocky - Sick Of The Sicka feat. Skepta, Pop Smoke [HQ] Unreleased
[FREE] POP SMOKE x RODDY RICCH x YOZ TYPE BEAT 2021 ""AP"" | prod. 007 x CICCO
[FREE] POP SMOKE x RODDY RICCH x YOZ TYPE BEAT 2021 ""AP"" | prod. 007 x CICCO
[FREE] POP SMOKE x RODDY RICCH x YOZ TYPE BEAT 2021 ""AP"" | prod. 007 x CICCO
Pop Smoke ""AP/Nikes"" with Rich the Kid?????
"
65,Forever After All Luke Combs,18,897,587,"Luke Combs - Forever After All (Audio)
Billboard Chart Discussion - Week Of February 13, 2021
Billboard Chart Discussion - Week Of February 06, 2021
Billboard Chart Discussion - Week Of February 20, 2021
Billboard Chart Discussion - Week Of January 09, 2021 | Mood returns to #1 | Blinding Lights back in top 10
Billboard Chart Discussion - Week Of January 30, 2021
Billboard Chart Discussion - Week Of January 16, 2021
2021-02-05 & 2021-02-12 : New Country
Billboard Chart Discussion - Week Of December 26, 2020 | Taylor Swift blocks Kid Cudi from #1 album
Billboard Chart Discussion - Week Of January 02, 2021 | Mood is the only non-Christmas song in the top 10
"
66,Track Star Mooski,0,0,0,
67,Momma's House Dustin Lynch,5,280,253,"Billboard Chart Discussion - Week Of February 13, 2021
Billboard Chart Discussion - Week Of February 06, 2021
Billboard Chart Discussion - Week Of February 20, 2021
Billboard Chart Discussion - Week Of January 30, 2021
Billboard Chart Discussion - Week Of January 16, 2021
"
68,Sand In My Boots Morgan Wallen,26,518,417,"Sand in My Boots (Morgan Wallen) sounds similar to Build Me a Daddy (Luke Bryan)
Morgan Wallen - Sand In My Boots
Sand In My Boots (The Dangerous Sessions) - Morgan Wallen - https://wavwax.com/sand-in-my-boots-the-dangerous-sessions-morgan-wallen/ - #uncategorized #country #exc.newmusic #facebook #newmusicreleases #video
Sand In My Boots (The Dangerous Sessions) - Morgan Wallen - https://wavwax.com/sand-in-my-boots-the-dangerous-sessions-morgan-wallen/ - #uncategorized #country #exc.newmusic #facebook #newmusicreleases #video
Morgan Wallen - Sand In My Boots Lyrics
Sand In My Boots (The Dangerous Sessions) - Morgan Wallen - https://wavwax.com/sand-in-my-boots-the-dangerous-sessions-morgan-wallen/ - #uncategorized #country #exc.newmusic #facebook #newmusicreleases #video - #trending #pop #dj #musicstreaming #music #video #indie #artist #hiphop #rap
Morgan Wallen - Sand In My Boots (Music Video)
Sand In My Boots (The Dangerous Sessions) - Morgan Wallen - https://wavwax.com/sand-in-my-boots-the-dangerous-sessions-morgan-wallen/ - #uncategorized #country #exc.newmusic #facebook #newmusicreleases #video - #trending #pop #dj #musicstreaming #music #video #indie #artist #hiphop #rap
Morgan Wallen Makes ‚ÄòSand in My Boots‚Äô Even More Irresistible With Surprise Solo Version Country singer, who has been dominating ...
Sand In My Boots (The Dangerous Sessions) - Morgan Wallen - https://tinyurl.com/yxugrz54 - #uncategorized #country #exc.newmusic #facebook #newmusicreleases #video
"
69,Girl Like Me Black Eyed Peas X Shakira,8,311,271,"Promo Only Express Audio DFF December 2020 Week 2 AJR f. Hayley Kiyoko &#8211; Bang! (AhhHaa Remix) Adam Warner &#8211; 4 Square Miles Black Eyed Peas & Shakira &#8211; Girl Like Me (Clean Edit) FLETCHER & Kito f. Trevor Daniel &#8211; Bitter (Clean Single Edit) Fuego x Reekado Banks x TRACKDILL...
Billboard Chart Discussion - Week Of February 13, 2021
Billboard Chart Discussion - Week Of February 06, 2021
Billboard Chart Discussion - Week Of February 20, 2021
Billboard Chart Discussion - Week Of January 30, 2021
Billboard Chart Discussion - Week Of January 16, 2021
What I think Lindsay‚Äôs Top 20 Brown Nosed Peapods (aka The Black Eyed Peas) songs could be‚Ä¶
Shakira's ""Girl Like Me"" is just... Bad.
"
70,Hell Of A View Eric Church,12,393,336,"‚ÄúHeart & Soul‚Äù Discussion Thread
Some of my best drone footage and b-roll from the boat the last few years to Eric Church's ""Hell of a View"" #EricChurch #HellofAView #CountryMusic
Some of my best drone footage and b-roll from the boat the last few years to Eric Church's ""Hell of a View"" #EricChurch #HellofAView #DJI
Billboard Chart Discussion - Week Of February 13, 2021
Billboard Chart Discussion - Week Of February 06, 2021
Billboard Chart Discussion - Week Of February 20, 2021
Billboard Chart Discussion - Week Of January 30, 2021
Holdin' His Own: A introduction to country music's Eric Church
Billboard Chart Discussion - Week Of January 16, 2021
Share the Christian Universalist books you've read - and your reviews and recommendations
"
71,Lifestyle Jason Derulo Featuring Adam Levine,3,58,46,"Billboard Chart Discussion - Week Of February 20, 2021
Duncan Laurence and ‚ÄúArcade‚Äù picking up steam in US?
30 Things That Basically Everyone Was Talking About This Week
"
72,Masterpiece DaBaby,52,4210,674,"Masterpiece - DaBaby - https://wavwax.com/masterpiece-dababy/ - #exc.newmusic #facebook #hiphop #newmusicreleases #video #videohighlight - #trending #pop #dj #musicstreaming #music #video #indie #artist #hiphop #rap
Masterpiece - DaBaby - https://wavwax.com/masterpiece-dababy/ - #exc.newmusic #facebook #hiphop #newmusicreleases #video #videohighlight
Masterpiece - DaBaby - https://wavwax.com/masterpiece-dababy/ - #exc.newmusic #facebook #hiphop #newmusicreleases #video #videohighlight - #trending #pop #dj #musicstreaming #music #video #indie #artist #hiphop #rap
Masterpiece - DaBaby - https://wavwax.com/masterpiece-dababy/ - #exc.newmusic #facebook #hiphop #newmusicreleases #video #videohighlight
[FRESH] DaBaby - Masterpiece
[FRESH VIDEO] DaBaby - Masterpiece
Dababy ‚Äúmasterpiece‚Äù music video (this shit fireüî•üî•üî•)
DaBaby - Masterpiece (Official Video)
DaBaby - Masterpiece Single Review - Dead End Hip Hop
Masterpiece by dababy
"
73,Somebody Like That Tenille Arts,6,225,213,"Tenille Arts - Somebody Like That (Acoustic)
Billboard Chart Discussion - Week Of February 13, 2021
Billboard Chart Discussion - Week Of February 20, 2021
Billboard Chart Discussion - Week Of February 06, 2021
Billboard Chart Discussion - Week Of January 30, 2021
2021-01-15 : New Country
"
74,Only Wanna Be With You Post Malone,7,368,172,"üé∂ Break-Up Songs üé∂
Nugu Roundup #67 - Drop that Hero and get with the Zero - 210117 + Album Giveaway!
[Share] My Music Library Index (861GB)
The Unintentionally Mysterious History of the Band
Can we make this happen for AMC?
Subreddit Stats: warriors top posts from 2019-12-29 to 2020-12-28 03:40 PDT
Any one else order the pink crocs and is a guy?
"
75,One Too Many Keith Urban Duet With P!nk,5,275,253,"Billboard Chart Discussion - Week Of February 06, 2021
Billboard Chart Discussion - Week Of February 13, 2021
Billboard Chart Discussion - Week Of February 20, 2021
Billboard Chart Discussion - Week Of January 16, 2021
Billboard Chart Discussion - Week Of January 30, 2021
"
76,Neighbors Pooh Shiesty Featuring BIG30,2,109,78,"Billboard Chart Discussion - Week Of February 20, 2021
[FIRST IMPRESSIONS] Pooh Shiesty - Shiesty Season
"
77,You Got It VEDO,16,585,249,"Vedo - You Got It (Remix) ft. Ty Dolla $ign [Amazon Original]
Yo i‚Äôm 16 M wanna start singing songs like ‚ÄúYou got it‚Äù by Vedo. I don‚Äôt have any experience and i have a really high voice. What do i do to improve?
You Got It (Remix) - Vedo Feat. Young Dolph & Money Man - https://tinyurl.com/y4uluz3q - #exc.newmusic #facebook #hiphop #newmusicreleases - #trending #pop #dj #musicstreaming #music #video #indie #artist #hiphop #rap
You Got It (Remix) - Vedo Feat. Young Dolph & Money Man - https://tinyurl.com/y3d4bgwl - #exc.newmusic #facebook #hiphop #newmusicreleases - #trending #pop #dj #musicstreaming #music #video #indie #artist #hiphop #rap
You Got It (Remix) - Vedo Feat. Young Dolph & Money Man - https://tinyurl.com/y3t5g4bw - #exc.newmusic #facebook #hiphop #newmusicreleases - #trending #pop #dj #musicstreaming #music #video #indie #artist #hiphop #rap
You Got It (Remix) - Vedo Feat. Young Dolph & Money Man - https://tinyurl.com/y6b6vo2k - #exc.newmusic #facebook #hiphop #newmusicreleases
You Got It (Remix) - Vedo Feat. Young Dolph & Money Man - ‚ñ∫ https://tinyurl.com/yblfh56d - #exc.newmusic #facebook #hiphop #newmusicreleases https://wavwax.com/wp-content/uploads/2020/12/1608394565_c2ec1c4424f4a4bdd6086fcd27dcd9ad.jpg
You Got It (Remix) - Vedo Feat. Young Dolph & Money Man - https://tinyurl.com/y2wky7lh - #exc.newmusic #facebook #hiphop #newmusicreleases
You Got It (Remix) - Vedo Feat. Young Dolph & Money Man - https://tinyurl.com/yxed7k4a - #exc.newmusic #facebook #hiphop #newmusicreleases - #trending #pop #dj #musicstreaming #music #video #indie #artist #hiphop #rap
You Got It (Remix) - Vedo Feat. Young Dolph & Money Man - ‚ñ∫ https://tinyurl.com/y982m7kk - #exc.newmusic #facebook #hiphop #newmusicreleases https://wavwax.com/wp-content/uploads/2020/12/1608394565_c2ec1c4424f4a4bdd6086fcd27dcd9ad.jpg
"
78,Tyler Herro Jack Harlow,29,2506,789,"[FRESH MIXTAPE] Lil Wayne ‚Äî No Ceilings 3: Side B
Jack Harlow ""Tyler Herro"" Remix [One Take]
Jack Harlow - Tyler Herro *(REMIX)*
Now Playing... Tyler Herro - Jack Harlow
Big fan of Jack Harlow & Tyler Herro so I made this edit hope you enjoy
(FREE) Jack Harlow Type Beat - ""Tyler Herro""
Jack Harlow - Tyler Herro art by me!!
Jack Harlow - Tyler Herro / Youngbeen Joo Choreography
Jack Harlow - Tyler Herro edit
Jack Harlow - Tyler Herro [modern-hip-hop] (2020)
"
79,Finesse Out The Gang Way Lil Durk Featuring Lil Baby,4,422,178,"New Music Friday: February 12th, 2021
Billboard Chart Discussion - Week Of February 13, 2021
Billboard Chart Discussion - Week Of February 20, 2021
The Weekly [Fresh]ness - week of Sunday, February 7, 2021
"
80,Opp Stoppa YBN Nahmir Featuring 21 Savage,3,227,114,"New Music Friday: January 22nd, 2021
Billboard Chart Discussion - Week Of February 06, 2021
The Weekly [Fresh]ness - week of Sunday, January 17, 2021
"
81,The Business Tiesto,36,297,61,"Tiesto Earns First No. 1 on Dance/Electronic Digital Song Sales Chart With ‚ÄòThe Business‚Äô Tiesto&#8217;s &#8220;The Business&#8221...
Tiesto Earns First No. 1 on Dance/Electronic Digital Song Sales Chart With ‚ÄòThe Business‚Äô Tiesto&#8217;s &#8220;The Business&#8221...
IIL deep house music like Tiesto - The Business, and HVME - Goosebumps for the bass, beat, vocal tone and such.
Tiesto & Ty Dolla $ign - The Business, Pt. II
The Business by Tiesto | New Custom Song coming shortly by Kuritsa & Ichderhorst!
Tiesto - The Business | New Custom Song coming to Synth Riders VR by Ichderhorst & Kuritsa
Tiesto - The Business | New Custom Song coming to Synth Riders VR by Ichderhorst & Kuritsa
LETS GET TIESTO TO DO A REMIX OF ‚ÄúTHE BUSINESS‚Äù Let‚Äôs get down let‚Äôs get down to business got a million doge strong...
The Business by Tiesto | New Custom Song coming to Synth Riders VR
Tiesto - The Business [Deep House] [2020] - New Custom Song playable in Synth Riders VR
"
82,Bandido Myke Towers & Juhn,3,36,38,"Myke Towers X Juhn - Bandido (Fhonix Edit) [FREE DOWNLOAD]
Myke Towers & Juhn‚Äôs ‚ÄòBandido‚Äô Lands In the Top 10 on Hot Latin Songs Chart Myke Towers and Juhn‚Äôs ‚ÄúBandido‚Äù hits th...
Billboard Chart Discussion - Week Of February 20, 2021
"
83,Quicksand Morray,22,244,81,"Morray - Quicksand (Music Video)
(FREE) Morray Quicksand x Hotboii Type Beat - 'Low' (Prod. BIJ)
(FREE) Morray Quicksand x Hotboii Type Beat - 'Low' (Prod. BIJ)
(FREE) Morray Quicksand x Hotboii Type Beat - 'Low' (Prod. BIJ)
Morray - Quicksand [Hip-Hop] 2020
[FRESH] SUPA LEXX - Morray - QuickSand - FREESTYLE
North Carolina Rapper Morray Shines Light on Life in the Hood With ‚ÄòQuicksand‚Äô: Emerging Artists Spotlight Welcome to Emerging Artists Spotlight, t...
(FREE) Morray Quicksand x Hotboii Type Beat - 'Low' (Prod. BIJ)
(FREE) Morray Quicksand x Hotboii Type Beat - 'Low' (Prod. BIJ)
SUPA LEXX - Morray - QuickSand - FREESTYLE
"
84,Almost Maybes Jordan Davis,33,8006,3103,"Jordan Davis - Almost Maybes (Audio)
The Best Basketball Player Born in Each US State
Post-Super Bowl 7-Round Mock Draft
NY Jets Discord 3 Round Mock
My Mock 1.0 - tell me your thoughts on each pick
Billboard Chart Discussion - Week Of February 13, 2021
The Brooklyn Nets may be a ‚Äúsuper team,‚Äù but they may need a few extra pieces to be a great team
Huge Benny's Post Season Mock Draft (3.0) with Trades
2021 Post-Season beginnings: Tampa Bay Buccaneers
2021 Post-Season beginnings: Washington Football Team
"
85,Hello Pop Smoke Featuring A Boogie Wit da Hoodie,0,0,0,
86,Still Trappin' Lil Durk & King Von,46,812,405,"Still Trappin lil Durk (ft. King von)
Still Trappin' - Lil Durk Feat. King Von - https://wavwax.com/still-trappin-lil-durk-feat-king-von/ - #exc.newmusic #facebook #hiphop #newmusicreleases - #trending #pop #dj #musicstreaming #music #video #indie #artist #hiphop #rap
Still Trappin' - Lil Durk Feat. King Von - https://wavwax.com/still-trappin-lil-durk-feat-king-von/ - #exc.newmusic #facebook #hiphop #newmusicreleases - #trending #pop #dj #musicstreaming #music #video #indie #artist #hiphop #rap
Lil Durk ft King Von - Still Trappin
[FRESH] Lil Durk & King Von - Still Trappin'
[FRESH VIDEO] Lil Durk & King Von - Still Trappin
[Metal/Hip-Hop] Hey guys! I made another Metal Cover version. This time it's a song Still Trappin from rapper Lil Durk! ;) Please let me know what you think about it!
Lil Durk Ft. King Vonüïä-‚ÄúStill Trappin‚Äù
Still Trappin - Lil Durk feat. King Von Lyrics explained
Hey guys! I made another Metal Cover version. This time it's a song Still Trappin from rapper Lil Durk, I think it turned out pretty cool! ;) Please let me know your thoughts about it!
"
87,Moonwalking In Calabasas DDG,25,1112,457,"Anthony Davis Mix: Moonwalking in Calabasas- DDG
Blueface trying to force DDG to drop early again like with Moonwalking in Calabasas?
Moonwalking In Calabasas YG Remix - DDG Feat. YG - https://wavwax.com/moonwalking-in-calabasas-yg-remix-ddg-feat-yg/ - #uncategorized #exc.newmusic #facebook #hiphop #newmusicreleases - #trending #pop #dj #musicstreaming #music #video #indie #artist #hiphop #rap
Anyone have the x rated blueface ddg moonwalking in calabasas video (onlyfans one)
DDG thanks Blueface for helping ‚ÄúMoonwalking in Calabasas‚Äù reach Billboard‚Äôs Hot100 List
Moonwalking In Calabasas YG Remix - DDG Feat. YG - https://wavwax.com/moonwalking-in-calabasas-yg-remix-ddg-feat-yg/ - #uncategorized #exc.newmusic #facebook #hiphop #newmusicreleases - #trending #pop #dj #musicstreaming #music #video #indie #artist #hiphop #rap
Moonwalking In Calabasas YG Remix - DDG Feat. YG - https://tinyurl.com/yxmngrft - #uncategorized #exc.newmusic #facebook #hiphop #newmusicreleases - #trending #pop #dj #musicstreaming #music #video #indie #artist #hiphop #rap
Moonwalking In Calabasas YG Remix - DDG Feat. YG - https://tinyurl.com/yxltwg2w - #uncategorized #exc.newmusic #facebook #hiphop #newmusicreleases - #trending #pop #dj #musicstreaming #music #video #indie #artist #hiphop #rap
Moonwalking In Calabasas YG Remix - DDG Feat. YG - https://tinyurl.com/yy6sqwv8 - #uncategorized #exc.newmusic #facebook #hiphop #newmusicreleases
DDG ft YG moonwalking in Calabasas reaction
"
88,Made For You Jake Owen,18,720,234,"Jake Owen - Made For You - Cover
Wrestling Observer Rewind ‚òÖ August 22, 1988
The Essential 2020 Match Collection: The best and most significant 2020 matches
Top 150 Wrestlers Ranked by the average 'Total Rating' of their Top 10 Rated Singles Matches on Cagematch.net [END OF 2020 UPDATE]
Wrestling Observer Rewind ‚òÖ July 4, 1988
How strong are they booked? Ranking WWE wrestlers with objective critera! (Part 3 - Winners of 2020!!)
COLUMBUS BLUE JACKETS FRANCHISE TRACKER - 2021 OFFSEASON
I finally watched season 11 (Major Spoilers)
Motor City Management - Detroit Tigers Report 2023 - I'm A Wild Card!
Fantasy Booking WrestleMania XXXVII : Night I ( LONG )
"
89,Hole In The Bottle Kelsea Ballerini,13,588,425,"Kelsea Ballerini Recounts How ‚ÄòHole In The Bottle‚Äô Started As a Joke ‚Äî And Became a Hit When Kelsea Ballerini wrote Kelsea, her ...
Billboard Chart Discussion - Week Of February 13, 2021
Billboard Chart Discussion - Week Of February 06, 2021
Billboard Chart Discussion - Week Of January 16, 2021
Billboard Chart Discussion - Week Of January 09, 2021 | Mood returns to #1 | Blinding Lights back in top 10
Billboard Chart Discussion - Week Of February 20, 2021
Billboard Chart Discussion - Week Of January 30, 2021
My opinion on Country Music and Pop Music
Billboard Chart Discussion - Week Of January 02, 2021 | Mood is the only non-Christmas song in the top 10
Billboard Chart Discussion - Week Of January 23, 2021
"
90,Drunk (And I Don't Wanna Go Home) Elle King & Miranda Lambert,0,0,0,
91,Glad You Exist Dan   Shay,10,211,134,"Dan Shay - Glad You Exist (Lyric Video)
Glad You Exist Lyrics Dan + Shay
First Country: New Music From Dan + Shay, Carly Pearce, Eric Church, Lanco and More Dan + Shay, ‚ÄúGlad You Exist‚Äù The duo‚Äôs ...
First Country: New Music From Dan + Shay, Carly Pearce, Eric Church, Lanco and More Dan + Shay, ‚ÄúGlad You Exist‚Äù The duo‚Äôs ...
Dan + Shay Give Thanks in New Song ‚ÄòGlad You Exist‚Äô Country-pop duo return with latest offer...
Fri. Feb. 12 Daily HUT Content - What is new?
Billboard Chart Discussion - Week Of February 20, 2021
Mon. Feb. 8 Daily HUT Content - What is new?
Rolling Stone Charts: Cardi B‚Äôs ‚ÄòUp‚Äô Launches at Number One
2021-02-05 & 2021-02-12 : New Country
"
92,Breaking Up Was Easy In The 90's Sam Hunt,22,1311,441,"Need help figuring out what song originally sounds like the melody in the chorus of ‚ÄúBreaking up was easy in the 90s‚Äù
bpm Supreme [11-Dec-2020] Country\Chris Young & Kane Brown &#8211; Famous Friends (Clean) Country\Chris Young & Kane Brown &#8211; Famous Friends (Intro Clean) Country\Sam Hunt &#8211; Breaking Up Was Easy In The 90's (Clean) Country\Sam Hunt &#8211; Breaking Up Was Easy In The 90's (Intro Clean...
Analyzing the lyrics of 14,500 Country songs
Analyzing the lyrics of 14,500 Country songs
My Big Recommendations List for the Steam Winter Sale
Analyzing the lyrics of 14,500 Country songs
Analyzing the lyrics of 14,500 Country songs
Analyzing the lyrics of 14,500 Country songs
Analyzing the lyrics of 14,500 Country songs
Analyzing the lyrics of 14,500 Country songs
"
93,Somebody's Problem Morgan Wallen,16,594,445,"Morgan Wallen - Somebody‚Äôs Problem Lyrics
Guy raps to Somebody's problem by Morgan Wallen
Guy raps to Somebody's problem by Morgan Wallen
Billboard Chart Discussion - Week Of February 13, 2021
Billboard Chart Discussion - Week Of February 06, 2021
Billboard Chart Discussion - Week Of February 20, 2021
Morgan Wallen - Dangerous: The Double Album (Album Discussion)
Billboard Chart Discussion - Week Of January 30, 2021
Billboard Chart Discussion - Week Of January 16, 2021
Rolling Stone Charts: Olivia Rodrigo‚Äôs ‚ÄòDrivers License‚Äô Dominates Top 100 for Second Week
"
94,Drankin N Smokin Future & Lil Uzi Vert,22,756,188,"Drankin N Smokin - Future & Lil Uzi Vert - https://wavwax.com/drankin-n-smokin-future-lil-uzi-vert/ - #exc.newmusic #facebook #hiphop #newmusicreleases #video #videohighlight - #trending #pop #dj #musicstreaming #music #video #indie #artist #hiphop #rap
Drankin N Smokin - Future & Lil Uzi Vert - https://wavwax.com/drankin-n-smokin-future-lil-uzi-vert/ - #exc.newmusic #facebook #hiphop #newmusicreleases #video #videohighlight - #trending #pop #dj #musicstreaming #music #video #indie #artist #hiphop #rap
Drankin N Smokin - Future & Lil Uzi Vert - ‚ñ∫ https://tinyurl.com/y2qsymsp - #exc.newmusic #facebook #hiphop #newmusicreleases #video #videohighlight https://wavwax.com/wp-content/uploads/2021/01/Drankin-N-Smokin-Future-Lil-Uzi-Vert.jpg
Drankin N Smokin - Future & Lil Uzi Vert - ‚ñ∫ https://tinyurl.com/yxed5x3y - #exc.newmusic #facebook #hiphop #newmusicreleases #video #videohighlight https://wavwax.com/wp-content/uploads/2021/01/Drankin-N-Smokin-Future-Lil-Uzi-Vert.jpg
Future & Lil Uzi Vert - Drankin N Smokin [Official Music Video]
[FRESH VIDEO] Future & Lil Uzi Vert - Drankin N Smokin [Official Music Video]
Future & Lil Uzi Vert - Drankin N Smokin
Uzi & future drankin n smokin ft juiceüòàüî•
Uzi & future drankin n smokin ft juiceüòàüî•
Drankin N Smokin - Future & Lil Uzi Vert - https://tinyurl.com/y34om3ue - #exc.newmusic #facebook #hiphop #newmusicreleases #video #videohighlight
"
95,Pick Up Your Feelings Jazmine Sullivan,8,293,173,"Enjoy some of these tasty vibes from the amazing Jazmine Sullivan üéµ [ ""Pick Up Your Feelings"" x Jazmine Sullivan ]
Jazmine Sullivan - Pick Up Your Feelings (Official Acoustic Live Video)
Billboard Chart Discussion - Week Of February 13, 2021
Billboard Chart Discussion - Week Of February 20, 2021
The Popheads Chart, January 18, 2021: You said forever, now I drive alone past your country club
Post your song repeats!
Billboard Chart Discussion - Week Of January 23, 2021
Rolling Stone Charts: Olivia Rodrigo‚Äôs ‚ÄòDrivers License‚Äô Breaks RS 100 Record at Number One
"
96,Nobody Dylan Scott,4,17,8,"Dylan Scott - Nobody (Official Music Video)
2021 FINAL SURVERY RESULTS!
House 2020 December Megapack (1535 albums)
I saw three movies (Finding Yingying, Greenland, Shithouse)
"
97,Cover Me Up Morgan Wallen,30,1026,529,"Jason Isbell to donate everything made sofar from 'Cover Me Up' - Morgan Wallen, that he wrote, to the local NAACP. -Twitter
Jason's donating his ""Cover Me Up"" royalties from Morgan Wallen to the NAACP
Cover Me Up - Morgan Wallen [Cover by me]
Morgan Wallen - Cover me up - Covered by Luke
Cover Me Up - Morgan Wallen [Cover by me]
Jason Isbell Is Donating His Cut of Morgan Wallen&#039;s &#039;Cover Me Up&#039; Cover to the NAACP Isbell wrote and released the song as hi...
@AP: RT @APEntertainment: Grammy-winning singer-songwriter @JasonIsbell says he'll donate money that he makes from Morgan Wallen‚Äôs cover of his song ‚ÄúCover Me Up‚Äù to the @NAACP. https://t.co/f7QTSq4oHl
Morgan Wallen - Cover Me Up Lyrics
Morgan Wallen- cover me up ( reminds me of old 80‚Äôs and 90‚Äôs country aka the good ol days )
Billboard Chart Discussion - Week Of February 13, 2021
"
98,Like I Want You Giveon,12,272,106,"I post covers on insta and I did a cover on Like I Want You-GIVEON would be pretty cool if you could check it out, my @ is bedroomriffs. :) have a blessed day
My top 4 R&B songs of 2020
like i want you - giveon (cover by crystal). starting to get more into YouTube so hope you enjoy :)
Like I want you by Giveon
Check me out! Giveon - Like I want you cover
Like I Want You - Giveon - Cover - ManGogh Valmeo
Like I Want You - GIVEON (ManGogh Valmeo Cover)
Giveon - LIKE I WANT YOU (Official Music Video)
January 2021 RIAA Certifications
T-14 as Drake Songs ü¶â
"
99,Gone Dierks Bentley,5,11,6,"Dierks Bentley - Gone (Official Audio Video)
First Country: New Music From Dierks Bentley, Eric Church, Kelly Clarkson and More Dierks Bentley, ‚ÄúGone‚Äù [embed]https://y...
Watch Dierks Bentley Transform Into Dwight Schrute, Fight Daenerys‚Äô Dragons & More in ‚ÄòGone‚Äô Video Like many of us in quarantine, Dierks Be...
Get this guy a key to the city. Honestly.
CMA Album Of The Year Awards Over The Past Decade (A Review)
"
100,Bichota Karol G,21,548,416,"Bichota by Karol G = Ser Bichote by Bad Bunny?
Karol G‚Äôs ‚ÄòBichota‚Äô Hits No. 1 on Latin Airplay Chart Karol G nabs her ninth No. 1 on the Lati...
Nombran ‚ÄúBichota‚Äù a autob√∫s en Reynosa y Karol G responde
Can anyone else not hear this lyric in Karol G - Bichota?
Pro Latin Remix [25-Nov-2020] Bichota &#8211; Karol G &#8211; Alonso Remix &#8211; Reggaeton Intro & Outro &#8211; 90 BPM.mp3 Bichota &#8211; Karol G &#8211; DJ Many Mix &#8211; Reggaeton &#8211; Intro Outro &#8211; 88 BPM.mp3 Chica Ideal &#8211; Sebastoan Yatra Ft Guaynaa &#8211; Dj CriSS &#821...
All of Karol G‚Äôs Biggest Latin Airplay Hits: ‚ÄòTusa,‚Äô ‚ÄòBichota‚Äô & More Happy birthday, Karol G! The Colombian r...
Karol G‚Äôs ‚ÄòBichota‚Äô Hits No. 1 on Latin Airplay Chart
Karol G - The Making of 'Bichota' | Vevo Footnotes
Pro Latin Remix [12-Dec-2020] Bailando Por El Mundo &#8211; Luis Magan &#8211; DJ Rio &#8211; Guaracha Remix &#8211; 130BPM Bichota &#8211; Karol G &#8211; Alonso Remix &#8211; Reggaeton Acapella Starter &#8211; 90 BPM Bichota &#8211; Karol G &#8211; Alonso Remix &#8211; Reggaeton Intro & Outro ...
Pro Latin Remix [09-Dec-2020] Amillonao &#8211; Tato El X 5 Ft Haraca Kiko Y Tivi Gunz &#8211; DJ Many Mix &#8211; Dembow &#8211; Intro Break Outro &#8211; 118 BPM.mp3 Bichota &#8211; Karol G &#8211; Alonso Remix &#8211; Reggaeton Intro Acapella Break &#8211; 90 BPM.mp3 Gota Gota &#8211; Zion Y ...
"
