week1,songName,artistName,streams,week2,songName,artistName,streams,week3,songName,artistName,streams,week4,songName,artistName,streams,week5,songName,artistName,streams,week6,songName,artistName,streams,week7,songName,artistName,streams,week8,songName,artistName,streams,week9,songName,artistName,streams,week10,songName,artistName,streams
1,drivers license,Olivia Rodrigo,34354364,1,drivers license,Olivia Rodrigo,37066956,1,drivers license,Olivia Rodrigo,40018035,1,drivers license,Olivia Rodrigo,42861515,1,drivers license,Olivia Rodrigo,48003217,1,drivers license,Olivia Rodrigo,54166615,1,drivers license,Olivia Rodrigo,64681075,1,drivers license,Olivia Rodrigo,80764045,1,drivers license,Olivia Rodrigo,65873080,1,DÁKITI,"Bad Bunny, Jhay Cortez",31544941
2,What’s Next,Drake,28117894,2,Save Your Tears,The Weeknd,28677819,2,Save Your Tears,The Weeknd,29394143,2,Save Your Tears,The Weeknd,30002430,2,Save Your Tears,The Weeknd,30115082,2,DÁKITI,"Bad Bunny, Jhay Cortez",27544366,2,DÁKITI,"Bad Bunny, Jhay Cortez",28696860,2,DÁKITI,"Bad Bunny, Jhay Cortez",30189319,2,DÁKITI,"Bad Bunny, Jhay Cortez",30690893,2,Mood (feat. iann dior),24kGoldn,23461354
3,Save Your Tears,The Weeknd,27063727,3,Blinding Lights,The Weeknd,24332884,3,Blinding Lights,The Weeknd,25579878,3,Blinding Lights,The Weeknd,26709566,3,Blinding Lights,The Weeknd,28838481,3,Blinding Lights,The Weeknd,22418356,3,Blinding Lights,The Weeknd,22885490,3,Blinding Lights,The Weeknd,23094057,3,Blinding Lights,The Weeknd,23841990,3,Blinding Lights,The Weeknd,22981042
4,telepatía,Kali Uchis,25690656,4,DÁKITI,"Bad Bunny, Jhay Cortez",23528044,4,DÁKITI,"Bad Bunny, Jhay Cortez",24705934,4,Calling My Phone,"Lil Tjay, 6LACK",26623780,4,DÁKITI,"Bad Bunny, Jhay Cortez",26145345,4,Save Your Tears,The Weeknd,21797516,4,Mood (feat. iann dior),24kGoldn,21809952,4,Mood (feat. iann dior),24kGoldn,22974369,4,Mood (feat. iann dior),24kGoldn,23670415,4,positions,Ariana Grande,21761667
5,Leave The Door Open,"Bruno Mars, Anderson .Paak, Silk Sonic",24320342,5,Calling My Phone,"Lil Tjay, 6LACK",22238369,5,Calling My Phone,"Lil Tjay, 6LACK",23680465,5,DÁKITI,"Bad Bunny, Jhay Cortez",24806315,5,Bandido,"Myke Towers, Juhn",19989826,5,Mood (feat. iann dior),24kGoldn,20908757,5,Good Days,SZA,20809013,5,BICHOTA,KAROL G,21262093,5,BICHOTA,KAROL G,21706067,5,BICHOTA,KAROL G,21424279
6,Wants and Needs (feat. Lil Baby),Drake,23417143,6,telepatía,Kali Uchis,21709859,6,Bandido,"Myke Towers, Juhn",20095918,6,Bandido,"Myke Towers, Juhn",19794612,6,Mood (feat. iann dior),24kGoldn,19890784,6,Good Days,SZA,19488839,6,BICHOTA,KAROL G,20480781,6,positions,Ariana Grande,20973589,6,positions,Ariana Grande,21701387,6,Anyone,Justin Bieber,20640496
7,Astronaut In The Ocean,Masked Wolf,23333417,7,Astronaut In The Ocean,Masked Wolf,21539855,7,Mood (feat. iann dior),24kGoldn,19418746,7,Mood (feat. iann dior),24kGoldn,19103306,7,WITHOUT YOU,The Kid LAROI,18518839,7,Bandido,"Myke Towers, Juhn",19354941,7,positions,Ariana Grande,19623916,7,Good Days,SZA,20190575,7,Anyone,Justin Bieber,21069130,7,34+35,Ariana Grande,19518134
8,Blinding Lights,The Weeknd,22630316,8,Bandido,"Myke Towers, Juhn",19461380,8,Astronaut In The Ocean,Masked Wolf,19353231,8,Love Story (Taylor’s Version),Taylor Swift,18627530,8,Whoopty,CJ,18157947,8,WITHOUT YOU,The Kid LAROI,19119779,8,WITHOUT YOU,The Kid LAROI,19164739,8,WITHOUT YOU,The Kid LAROI,19445485,8,34+35,Ariana Grande,21065903,8,"Lemonade (feat. Gunna, Don Toliver & NAV)",Internet Money,18108073
9,DÁKITI,"Bad Bunny, Jhay Cortez",22187837,9,The Business,Tiësto,18774926,9,The Business,Tiësto,18643851,9,WITHOUT YOU,The Kid LAROI,18341882,9,Streets,Doja Cat,18123014,9,BICHOTA,KAROL G,19090199,9,Bandido,"Myke Towers, Juhn",18916804,9,Anyone,Justin Bieber,19430035,9,WITHOUT YOU,The Kid LAROI,18785087,9,Dynamite,BTS,17952431
10,Hold On,Justin Bieber,20879737,10,Mood (feat. iann dior),24kGoldn,18761296,10,WITHOUT YOU,The Kid LAROI,18554073,10,Whoopty,CJ,17378401,10,Good Days,SZA,18060603,10,Streets,Doja Cat,18274551,10,Save Your Tears,The Weeknd,18909322,10,Whoopty,CJ,18810928,10,"Lemonade (feat. Gunna, Don Toliver & NAV)",Internet Money,18425259,10,LA NOCHE DE ANOCHE,"Bad Bunny, ROSALÍA",17269881
11,Calling My Phone,"Lil Tjay, 6LACK",19504454,11,WITHOUT YOU,The Kid LAROI,18127160,11,LA NOCHE DE ANOCHE,"Bad Bunny, ROSALÍA",17308254,11,Streets,Doja Cat,17016829,11,BICHOTA,KAROL G,18022609,11,Whoopty,CJ,18139544,11,Whoopty,CJ,18234437,11,Bandido,"Myke Towers, Juhn",17807404,11,Whoopty,CJ,18414023,11,Whoopty,CJ,16865566
12,Bandido,"Myke Towers, Juhn",18660735,12,LA NOCHE DE ANOCHE,"Bad Bunny, ROSALÍA",17444896,12,Streets,Doja Cat,17252139,12,The Business,Tiësto,16842976,12,positions,Ariana Grande,16880068,12,positions,Ariana Grande,18023049,12,"Lemonade (feat. Gunna, Don Toliver & NAV)",Internet Money,17011524,12,LA NOCHE DE ANOCHE,"Bad Bunny, ROSALÍA",17805199,12,Good Days,SZA,18279161,12,WITHOUT YOU,The Kid LAROI,16638846
13,The Business,Tiësto,18140968,13,Streets,Doja Cat,16994411,13,Whoopty,CJ,16893820,13,Good Days,SZA,16817642,13,The Business,Tiësto,16137421,13,Dynamite,BTS,16470302,13,Dynamite,BTS,16857254,13,"Lemonade (feat. Gunna, Don Toliver & NAV)",Internet Money,17690239,13,Dynamite,BTS,18094314,13,Therefore I Am,Billie Eilish,15928423
14,Mood (feat. iann dior),24kGoldn,17784510,14,Up,Cardi B,15509202,14,Good Days,SZA,16361065,14,BICHOTA,KAROL G,15982215,14,34+35,Ariana Grande,16087184,14,"Lemonade (feat. Gunna, Don Toliver & NAV)",Internet Money,16099376,14,Anyone,Justin Bieber,16820159,14,Dynamite,BTS,17468829,14,LA NOCHE DE ANOCHE,"Bad Bunny, ROSALÍA",18060850,14,Levitating (feat. DaBaby),Dua Lipa,15640441
15,WITHOUT YOU,The Kid LAROI,17605727,15,Good Days,SZA,15440345,15,Levitating (feat. DaBaby),Dua Lipa,15724348,15,positions,Ariana Grande,15738289,15,Dynamite,BTS,16080740,15,34+35,Ariana Grande,16056567,15,LA NOCHE DE ANOCHE,"Bad Bunny, ROSALÍA",16324670,15,Save Your Tears,The Weeknd,17274870,15,Therefore I Am,Billie Eilish,16658646,15,What You Know Bout Love,Pop Smoke,14763875
16,Streets,Doja Cat,17539606,16,Levitating (feat. DaBaby),Dua Lipa,15275359,16,positions,Ariana Grande,15526189,16,Astronaut In The Ocean,Masked Wolf,15670268,16,Levitating (feat. DaBaby),Dua Lipa,16043037,16,Levitating (feat. DaBaby),Dua Lipa,15979909,16,Levitating (feat. DaBaby),Dua Lipa,16257265,16,Levitating (feat. DaBaby),Dua Lipa,17060169,16,Levitating (feat. DaBaby),Dua Lipa,16237910,16,Monster (Shawn Mendes & Justin Bieber),Shawn Mendes,14538257
17,Lemon Pepper Freestyle (feat. Rick Ross),Drake,17517919,17,Whoopty,CJ,15055253,17,BICHOTA,KAROL G,15490593,17,Levitating (feat. DaBaby),Dua Lipa,15656959,17,Baila Conmigo (with Rauw Alejandro),Selena Gomez,15129239,17,Hecha Pa' Mi,Boza,15852397,17,Hecha Pa' Mi,Boza,16112250,17,Hecha Pa' Mi,Boza,16458176,17,Bandido,"Myke Towers, Juhn",15590490,17,Watermelon Sugar,Harry Styles,14205168
18,LA NOCHE DE ANOCHE,"Bad Bunny, ROSALÍA",16430416,18,BICHOTA,KAROL G,14825636,18,Baila Conmigo (with Rauw Alejandro),Selena Gomez,15447518,18,LA NOCHE DE ANOCHE,"Bad Bunny, ROSALÍA",15468368,18,LA NOCHE DE ANOCHE,"Bad Bunny, ROSALÍA",15043808,18,The Business,Tiësto,15663297,18,34+35,Ariana Grande,16062347,18,34+35,Ariana Grande,15897469,18,Hecha Pa' Mi,Boza,15407386,18,Afterglow,Ed Sheeran,14139901
19,Heartbreak Anniversary,Giveon,16150875,19,Dynamite,BTS,14668198,19,Up,Cardi B,15331477,19,34+35,Ariana Grande,15229547,19,Up,Cardi B,15001033,19,Anyone,Justin Bieber,15643311,19,Lo Vas A Olvidar (with ROSALÍA),Billie Eilish,15707778,19,Therefore I Am,Billie Eilish,15522935,19,What You Know Bout Love,Pop Smoke,15079428,19,HOLIDAY,Lil Nas X,13545304
20,Up,Cardi B,15863307,20,Heartbreak Anniversary,Giveon,14624014,20,Dynamite,BTS,15273912,20,Baila Conmigo (with Rauw Alejandro),Selena Gomez,14895151,20,"Lemonade (feat. Gunna, Don Toliver & NAV)",Internet Money,14749599,20,LA NOCHE DE ANOCHE,"Bad Bunny, ROSALÍA",15421957,20,The Business,Tiësto,15353388,20,"34+35 Remix (feat. Doja Cat, Megan Thee Stallion) - Remix",Ariana Grande,15379222,20,you broke me first,Tate McRae,14952714,20,Hawái,Maluma,13419314
21,Good Days,SZA,14876538,21,Baila Conmigo (with Rauw Alejandro),Selena Gomez,14605251,21,34+35,Ariana Grande,15080770,21,Dynamite,BTS,14780080,21,Hecha Pa' Mi,Boza,14747577,21,Baila Conmigo (with Rauw Alejandro),Selena Gomez,15051746,21,Streets,Doja Cat,15015995,21,you broke me first,Tate McRae,14844786,21,Monster (Shawn Mendes & Justin Bieber),Shawn Mendes,14815834,21,willow,Taylor Swift,13314862
22,Levitating (feat. DaBaby),Dua Lipa,14746851,22,positions,Ariana Grande,14440208,22,"Lemonade (feat. Gunna, Don Toliver & NAV)",Internet Money,14236529,22,We're Good,Dua Lipa,14523521,22,Anyone,Justin Bieber,14191747,22,you broke me first,Tate McRae,14107574,22,you broke me first,Tate McRae,14483512,22,The Business,Tiësto,14816966,22,Watermelon Sugar,Harry Styles,13773985,22,you broke me first,Tate McRae,13296954
23,Ella No Es Tuya - Remix,"Rochy RD, Myke Towers, Nicki Nicole",14524566,23,34+35,Ariana Grande,14095564,23,telepatía,Kali Uchis,13825374,23,Up,Cardi B,14212148,23,you broke me first,Tate McRae,13751562,23,Therefore I Am,Billie Eilish,13845132,23,Therefore I Am,Billie Eilish,14479035,23,What You Know Bout Love,Pop Smoke,14629237,23,Head & Heart (feat. MNEK),Joel Corry,13720233,23,Head & Heart (feat. MNEK),Joel Corry,12970171
24,Dynamite,BTS,14131599,24,Ella No Es Tuya - Remix,"Rochy RD, Myke Towers, Nicki Nicole",13705852,24,Hecha Pa' Mi,Boza,13737219,24,Hecha Pa' Mi,Boza,14070280,24,Therefore I Am,Billie Eilish,13047875,24,What You Know Bout Love,Pop Smoke,13269633,24,What You Know Bout Love,Pop Smoke,13837963,24,Monster (Shawn Mendes & Justin Bieber),Shawn Mendes,13939057,24,The Business,Tiësto,13566858,24,WAP (feat. Megan Thee Stallion),Cardi B,12911300
25,Baila Conmigo (with Rauw Alejandro),Selena Gomez,13989870,25,"Lemonade (feat. Gunna, Don Toliver & NAV)",Internet Money,13490563,25,We're Good,Dua Lipa,13346925,25,"Lemonade (feat. Gunna, Don Toliver & NAV)",Internet Money,13916212,25,Paradise (feat. Dermot Kennedy),MEDUZA,12764094,25,Paradise (feat. Dermot Kennedy),MEDUZA,12899009,25,Paradise (feat. Dermot Kennedy),MEDUZA,12808538,25,Hawái,Maluma,12976069,25,HOLIDAY,Lil Nas X,13480714,25,Lonely (with benny blanco),Justin Bieber,12842427
26,BICHOTA,KAROL G,13955274,26,Hecha Pa' Mi,Boza,13099823,26,Paradise (feat. Dermot Kennedy),MEDUZA,13041541,26,Anyone,Justin Bieber,13674774,26,Someone You Loved,Lewis Capaldi,12732644,26,Someone You Loved,Lewis Capaldi,12814204,26,Monster (Shawn Mendes & Justin Bieber),Shawn Mendes,12686567,26,Prisoner (feat. Dua Lipa),Miley Cyrus,12701337,26,Afterglow,Ed Sheeran,13411972,26,Hecha Pa' Mi,Boza,12395766
27,Whoopty,CJ,13858645,27,We're Good,Dua Lipa,12615725,27,Anyone,Justin Bieber,12940944,27,you broke me first,Tate McRae,12907542,27,What You Know Bout Love,Pop Smoke,12676301,27,Watermelon Sugar,Harry Styles,12166032,27,Someone You Loved,Lewis Capaldi,12671460,27,Bad Boy (with Young Thug),Juice WRLD,12677694,27,willow,Taylor Swift,13283159,27,ROCKSTAR (feat. Roddy Ricch),DaBaby,12228173
28,positions,Ariana Grande,13611441,28,Paradise (feat. Dermot Kennedy),MEDUZA,12545244,28,you broke me first,Tate McRae,12631717,28,Someone You Loved,Lewis Capaldi,12527224,28,Astronaut In The Ocean,Masked Wolf,12070339,28,Head & Heart (feat. MNEK),Joel Corry,11960234,28,Hawái,Maluma,12529435,28,Watermelon Sugar,Harry Styles,12647329,28,Save Your Tears,The Weeknd,13229592,28,Good Days,SZA,12038839
29,34+35,Ariana Grande,12439208,29,Someone You Loved,Lewis Capaldi,12450565,29,Heartbreak Anniversary,Giveon,12552614,29,Paradise (feat. Dermot Kennedy),MEDUZA,12526998,29,Watermelon Sugar,Harry Styles,11748557,29,Hawái,Maluma,11884717,29,Watermelon Sugar,Harry Styles,12347071,29,Head & Heart (feat. MNEK),Joel Corry,12602576,29,Hawái,Maluma,13202130,29,Snowman,Sia,11948976
30,Hecha Pa' Mi,Boza,12415699,30,Anyone,Justin Bieber,12389524,30,Someone You Loved,Lewis Capaldi,12495411,30,What You Know Bout Love,Pop Smoke,11983607,30,Prisoner (feat. Dua Lipa),Miley Cyrus,11532624,30,Monster (Shawn Mendes & Justin Bieber),Shawn Mendes,11874324,30,Head & Heart (feat. MNEK),Joel Corry,12158063,30,WAP (feat. Megan Thee Stallion),Cardi B,12554051,30,Lonely (with benny blanco),Justin Bieber,13148950,30,Roses - Imanbek Remix,SAINt JHN,11943548
31,Someone You Loved,Lewis Capaldi,12183284,31,Wellerman - Sea Shanty / 220 KID x Billen Ted Remix,Nathan Evans,12050820,31,What You Know Bout Love,Pop Smoke,12382929,31,Therefore I Am,Billie Eilish,11945718,31,Hawái,Maluma,11522764,31,Prisoner (feat. Dua Lipa),Miley Cyrus,11670698,31,Prisoner (feat. Dua Lipa),Miley Cyrus,12124847,31,Someone You Loved,Lewis Capaldi,12517451,31,WAP (feat. Megan Thee Stallion),Cardi B,12831798,31,Prisoner (feat. Dua Lipa),Miley Cyrus,11937057
32,Wellerman - Sea Shanty / 220 KID x Billen Ted Remix,Nathan Evans,12085028,32,you broke me first,Tate McRae,11963861,32,Therefore I Am,Billie Eilish,11781806,32,Prisoner (feat. Dua Lipa),Miley Cyrus,11792836,32,Head & Heart (feat. MNEK),Joel Corry,11432879,32,Reloj,"Rauw Alejandro, Anuel AA",11451571,32,Reloj,"Rauw Alejandro, Anuel AA",12104238,32,Lonely (with benny blanco),Justin Bieber,12391922,32,Prisoner (feat. Dua Lipa),Miley Cyrus,12647121,32,Dance Monkey,Tones And I,11837369
33,Arcade,Duncan Laurence,12026741,33,Heat Waves,Glass Animals,11950261,33,Watermelon Sugar,Harry Styles,11776725,33,Watermelon Sugar,Harry Styles,11370885,33,Reloj,"Rauw Alejandro, Anuel AA",11137106,33,WAP (feat. Megan Thee Stallion),Cardi B,11242055,33,WAP (feat. Megan Thee Stallion),Cardi B,11872534,33,HOLIDAY,Lil Nas X,12388167,33,Goosebumps,HVME,12635535,33,Someone You Loved,Lewis Capaldi,11827021
34,you broke me first,Tate McRae,11972270,34,What You Know Bout Love,Pop Smoke,11919251,34,Head & Heart (feat. MNEK),Joel Corry,11760540,34,Head & Heart (feat. MNEK),Joel Corry,10946384,34,WAP (feat. Megan Thee Stallion),Cardi B,11042048,34,Lonely (with benny blanco),Justin Bieber,10811441,34,Lonely (with benny blanco),Justin Bieber,11550391,34,Paradise (feat. Dermot Kennedy),MEDUZA,12367762,34,Someone You Loved,Lewis Capaldi,12498184,34,The Business,Tiësto,11650159
35,Heat Waves,Glass Animals,11953992,35,Goosebumps - Remix,"Travis Scott, HVME",11707715,35,Heat Waves,Glass Animals,11612380,35,Hawái,Maluma,10850422,35,Monster (Shawn Mendes & Justin Bieber),Shawn Mendes,11025238,35,Sweater Weather,The Neighbourhood,10735762,35,ROCKSTAR (feat. Roddy Ricch),DaBaby,11075135,35,Reloj,"Rauw Alejandro, Anuel AA",12333444,35,Snowman,Sia,12067824,35,Reloj,"Rauw Alejandro, Anuel AA",11589959
36,Anyone,Justin Bieber,11880489,36,Watermelon Sugar,Harry Styles,11556311,36,Goosebumps - Remix,"Travis Scott, HVME",11608765,36,Reloj,"Rauw Alejandro, Anuel AA",10757789,36,GIRL LIKE ME,"Black Eyed Peas, Shakira",10794323,36,Dance Monkey,Tones And I,10731079,36,La Nota,"Manuel Turizo, Rauw Alejandro, Myke Towers",11045119,36,willow,Taylor Swift,12130130,36,Reloj,"Rauw Alejandro, Anuel AA",11986592,36,Bandido,"Myke Towers, Juhn",11425851
37,We're Good,Dua Lipa,11823965,37,Arcade,Duncan Laurence,11556122,37,Prisoner (feat. Dua Lipa),Miley Cyrus,11363339,37,Heat Waves,Glass Animals,10667402,37,Sweater Weather,The Neighbourhood,10663542,37,La Nota,"Manuel Turizo, Rauw Alejandro, Myke Towers",10717807,37,HOLIDAY,Lil Nas X,11015671,37,Afterglow,Ed Sheeran,11853753,37,For The Night (feat. Lil Baby & DaBaby),Pop Smoke,11784611,37,For The Night (feat. Lil Baby & DaBaby),Pop Smoke,11414631
38,Paradise (feat. Dermot Kennedy),MEDUZA,11782654,38,Head & Heart (feat. MNEK),Joel Corry,11438734,38,test drive,Ariana Grande,11158829,38,Goosebumps - Remix,"Travis Scott, HVME",10646313,38,Dance Monkey,Tones And I,10603284,38,For The Night (feat. Lil Baby & DaBaby),Pop Smoke,10664272,38,willow,Taylor Swift,11014318,38,ROCKSTAR (feat. Roddy Ricch),DaBaby,11509337,38,ROCKSTAR (feat. Roddy Ricch),DaBaby,11628286,38,La Nota,"Manuel Turizo, Rauw Alejandro, Myke Towers",11169792
39,"Lemonade (feat. Gunna, Don Toliver & NAV)",Internet Money,11761627,39,Your Love (9PM),"ATB, Topic, A7S",11320162,39,Ella No Es Tuya - Remix,"Rochy RD, Myke Towers, Nicki Nicole",11076638,39,Sweater Weather,The Neighbourhood,10439030,39,Heat Waves,Glass Animals,10439203,39,ROCKSTAR (feat. Roddy Ricch),DaBaby,10637781,39,For The Night (feat. Lil Baby & DaBaby),Pop Smoke,10992492,39,La Nota,"Manuel Turizo, Rauw Alejandro, Myke Towers",11490669,39,La Nota,"Manuel Turizo, Rauw Alejandro, Myke Towers",11376119,39,Don't Start Now,Dua Lipa,10883889
40,Friday (feat. Mufasa & Hypeman) - Dopamine Re-Edit,"Riton, Nightcrawlers",11283749,40,Therefore I Am,Billie Eilish,11229735,40,Wellerman - Sea Shanty / 220 KID x Billen Ted Remix,Nathan Evans,10736521,40,GIRL LIKE ME,"Black Eyed Peas, Shakira",10420265,40,Ropa Cara,Camilo,10418384,40,Ropa Cara,Camilo,10524510,40,Dance Monkey,Tones And I,10834821,40,Snowman,Sia,11459398,40,Paradise (feat. Dermot Kennedy),MEDUZA,11373172,40,Chica Ideal,"Sebastian Yatra, Guaynaa",10415552
41,Your Love (9PM),"ATB, Topic, A7S",11216638,41,GIRL LIKE ME,"Black Eyed Peas, Shakira",10891637,41,GIRL LIKE ME,"Black Eyed Peas, Shakira",10667195,41,WAP (feat. Megan Thee Stallion),Cardi B,10360585,41,La Nota,"Manuel Turizo, Rauw Alejandro, Myke Towers",10292867,41,GIRL LIKE ME,"Black Eyed Peas, Shakira",10461909,41,Afterglow,Ed Sheeran,10824137,41,For The Night (feat. Lil Baby & DaBaby),Pop Smoke,11404049,41,Heather,Conan Gray,11363348,41,Goosebumps,HVME,10192990
42,What You Know Bout Love,Pop Smoke,11101545,42,ROCKSTAR (feat. Roddy Ricch),DaBaby,10883445,42,Hawái,Maluma,10645208,42,Dance Monkey,Tones And I,10297539,42,For The Night (feat. Lil Baby & DaBaby),Pop Smoke,10264167,42,Afterglow,Ed Sheeran,10319604,42,Roses - Imanbek Remix,SAINt JHN,10769041,42,Heather,Conan Gray,11080247,42,Roses - Imanbek Remix,SAINt JHN,11342871,42,Relación - Remix,"Sech, Daddy Yankee, J Balvin, ROSALÍA, Farruko",9880858
43,Goosebumps - Remix,"Travis Scott, HVME",11093038,43,Prisoner (feat. Dua Lipa),Miley Cyrus,10598755,43,Dance Monkey,Tones And I,10442125,43,Don't Start Now,Dua Lipa,10024258,43,Lonely (with benny blanco),Justin Bieber,10190695,43,willow,Taylor Swift,10261537,43,Sweater Weather,The Neighbourhood,10734700,43,Roses - Imanbek Remix,SAINt JHN,10967350,43,Dance Monkey,Tones And I,11187842,43,Sweater Weather,The Neighbourhood,9809645
44,Watermelon Sugar,Harry Styles,11051092,44,Hawái,Maluma,10377527,44,Reloj,"Rauw Alejandro, Anuel AA",10440363,44,Monster (Shawn Mendes & Justin Bieber),Shawn Mendes,10011451,44,Goosebumps - Remix,"Travis Scott, HVME",10184319,44,Roses - Imanbek Remix,SAINt JHN,10261133,44,Heather,Conan Gray,10555074,44,Dance Monkey,Tones And I,10942587,44,Sweater Weather,The Neighbourhood,10871154,44,Heather,Conan Gray,9780750
45,Head & Heart (feat. MNEK),Joel Corry,10801758,45,Dance Monkey,Tones And I,10271723,45,WAP (feat. Megan Thee Stallion),Cardi B,10362851,45,ROCKSTAR (feat. Roddy Ricch),DaBaby,9886429,45,ROCKSTAR (feat. Roddy Ricch),DaBaby,10180520,45,Heat Waves,Glass Animals,10230585,45,Snowman,Sia,10398492,45,Sweater Weather,The Neighbourhood,10757121,45,Don't Start Now,Dua Lipa,10619398,45,BEBÉ,"Camilo, El Alfa",9749838
46,Therefore I Am,Billie Eilish,10654662,46,Sweater Weather,The Neighbourhood,10209311,46,Sweater Weather,The Neighbourhood,10322872,46,La Nota,"Manuel Turizo, Rauw Alejandro, Myke Towers",9879804,46,Afterglow,Ed Sheeran,9876662,46,Don't Start Now,Dua Lipa,10168037,46,Don't Start Now,Dua Lipa,10084123,46,Don't Start Now,Dua Lipa,10288791,46,Chica Ideal,"Sebastian Yatra, Guaynaa",10374432,46,Vida de Rico,Camilo,9528870
47,GIRL LIKE ME,"Black Eyed Peas, Shakira",10616869,47,WAP (feat. Megan Thee Stallion),Cardi B,10097480,47,ROCKSTAR (feat. Roddy Ricch),DaBaby,10259865,47,willow,Taylor Swift,9619253,47,Roses - Imanbek Remix,SAINt JHN,9760214,47,HOLIDAY,Lil Nas X,10122944,47,BEBÉ,"Camilo, El Alfa",9940187,47,Chica Ideal,"Sebastian Yatra, Guaynaa",10258756,47,Before You Go,Lewis Capaldi,10147365,47,La Tóxica,Farruko,9515279
48,ROCKSTAR (feat. Roddy Ricch),DaBaby,10342615,48,Reloj,"Rauw Alejandro, Anuel AA",10083912,48,Your Love (9PM),"ATB, Topic, A7S",10131298,48,Roses - Imanbek Remix,SAINt JHN,9567293,48,Heather,Conan Gray,9695975,48,Heather,Conan Gray,10069697,48,GIRL LIKE ME,"Black Eyed Peas, Shakira",9835755,48,Streets,Doja Cat,10158876,48,BEBÉ,"Camilo, El Alfa",9923972,48,Paradise (feat. Dermot Kennedy),MEDUZA,9507994
49,Sweater Weather,The Neighbourhood,10166420,49,Don't Start Now,Dua Lipa,9773028,49,Don't Start Now,Dua Lipa,9928710,49,Lonely (with benny blanco),Justin Bieber,9397026,49,Don't Start Now,Dua Lipa,9675562,49,Snowman,Sia,9814376,49,Chica Ideal,"Sebastian Yatra, Guaynaa",9687098,49,BEBÉ,"Camilo, El Alfa",10062517,49,Relación - Remix,"Sech, Daddy Yankee, J Balvin, ROSALÍA, Farruko",9795098,49,Before You Go,Lewis Capaldi,9501119
50,Prisoner (feat. Dua Lipa),Miley Cyrus,9755256,50,Roses - Imanbek Remix,SAINt JHN,9771057,50,Roses - Imanbek Remix,SAINt JHN,9927164,50,Heather,Conan Gray,9233791,50,HOLIDAY,Lil Nas X,9472830,50,Before You Go,Lewis Capaldi,9617198,50,Skin,Sabrina Carpenter,9685913,50,Before You Go,Lewis Capaldi,9918524,50,TE MUDASTE,Bad Bunny,9272496,50,TE MUDASTE,Bad Bunny,9267155
51,Reloj,"Rauw Alejandro, Anuel AA",9736458,51,Friday (feat. Mufasa & Hypeman) - Dopamine Re-Edit,"Riton, Nightcrawlers",9640992,51,La Nota,"Manuel Turizo, Rauw Alejandro, Myke Towers",9655518,51,Ropa Cara,Camilo,9147891,51,Before You Go,Lewis Capaldi,9453749,51,Goosebumps,HVME,9088372,51,Before You Go,Lewis Capaldi,9651559,51,Goosebumps,HVME,9818220,51,Wonder,Shawn Mendes,9233212,51,Holy (feat. Chance The Rapper),Justin Bieber,9175652
52,Dance Monkey,Tones And I,9612334,52,Best Friend (feat. Doja Cat),Saweetie,8991141,52,Arcade,Duncan Laurence,9476106,52,Before You Go,Lewis Capaldi,9104225,52,The Hills,The Weeknd,9361659,52,Goosebumps - Remix,"Travis Scott, HVME",9069196,52,Heat Waves,Glass Animals,9646836,52,GIRL LIKE ME,"Black Eyed Peas, Shakira",9480289,52,La Tóxica,Farruko,9164263,52,Laugh Now Cry Later (feat. Lil Durk),Drake,9046431
53,Hawái,Maluma,9554328,53,Before You Go,Lewis Capaldi,8886598,53,Monster (Shawn Mendes & Justin Bieber),Shawn Mendes,9198411,53,For The Night (feat. Lil Baby & DaBaby),Pop Smoke,9075305,53,willow,Taylor Swift,9320148,53,Lo Vas A Olvidar (with ROSALÍA),Billie Eilish,9000008,53,Ropa Cara,Camilo,9495323,53,Relación - Remix,"Sech, Daddy Yankee, J Balvin, ROSALÍA, Farruko",9347629,53,Laugh Now Cry Later (feat. Lil Durk),Drake,8982104,53,Wonder,Shawn Mendes,8896972
54,WAP (feat. Megan Thee Stallion),Cardi B,9515681,54,La Nota,"Manuel Turizo, Rauw Alejandro, Myke Towers",8829474,54,Heather,Conan Gray,9067795,54,Afterglow,Ed Sheeran,8968136,54,In Your Eyes,The Weeknd,9132884,54,TE MUDASTE,Bad Bunny,8816637,54,Antes,"Anuel AA, Ozuna",9279019,54,TE MUDASTE,Bad Bunny,9040756,54,Holy (feat. Chance The Rapper),Justin Bieber,8931700,54,Savage Love (Laxed - Siren Beat),"Jawsh 685, Jason Derulo",8830525
55,SugarCrash!,ElyOtto,9352536,55,Heather,Conan Gray,8799643,55,Best Friend (feat. Doja Cat),Saweetie,9064837,55,Best Friend (feat. Doja Cat),Saweetie,8568983,55,Snowman,Sia,8864794,55,Holy (feat. Chance The Rapper),Justin Bieber,8745473,55,Goosebumps,HVME,9258658,55,Vibez,ZAYN,9024425,55,GIRL LIKE ME,"Black Eyed Peas, Shakira",8875633,55,Put Your Records On,Ritt Momney,8663990
56,Selfish Love (with Selena Gomez),DJ Snake,9265541,56,For The Night (feat. Lil Baby & DaBaby),Pop Smoke,8622880,56,For The Night (feat. Lil Baby & DaBaby),Pop Smoke,9028375,56,The Hills,The Weeknd,8479448,56,Best Friend (feat. Doja Cat),Saweetie,8833460,56,Chica Ideal,"Sebastian Yatra, Guaynaa",8742682,56,Relación - Remix,"Sech, Daddy Yankee, J Balvin, ROSALÍA, Farruko",8781910,56,La Tóxica,Farruko,8877782,56,Vida de Rico,Camilo,8863511,56,Circles,Post Malone,8541746
57,Don't Start Now,Dua Lipa,9265064,57,SugarCrash!,ElyOtto,8607786,57,Before You Go,Lewis Capaldi,8916009,57,Your Love (9PM),"ATB, Topic, A7S",8360270,57,TE MUDASTE,Bad Bunny,8697091,57,BEBÉ,"Camilo, El Alfa",8542339,57,TE MUDASTE,Bad Bunny,8761243,57,Vida de Rico,Camilo,8771306,57,Take You Dancing,Jason Derulo,8796740,57,Life Goes On,BTS,8440117
58,Best Friend (feat. Doja Cat),Saweetie,9137877,58,No Te Enamores - Remix,"Milly, Farruko, Nio Garcia, Jay Wheeler, Amenazzy",8522956,58,Lonely (with benny blanco),Justin Bieber,8788574,58,Heartbreak Anniversary,Giveon,8268553,58,Chica Ideal,"Sebastian Yatra, Guaynaa",8392731,58,Astronaut In The Ocean,Masked Wolf,8508672,58,Vida de Rico,Camilo,8539038,58,Laugh Now Cry Later (feat. Lil Durk),Drake,8714897,58,Mi Niña,"Wisin, Myke Towers, Los Legendarios",8572735,58,Mi Niña,"Wisin, Myke Towers, Los Legendarios",8376535
59,Roses - Imanbek Remix,SAINt JHN,9038927,59,My Head & My Heart,Ava Max,8266222,59,No Te Enamores - Remix,"Milly, Farruko, Nio Garcia, Jay Wheeler, Amenazzy",8470194,59,HOLIDAY,Lil Nas X,8224823,59,Goosebumps,HVME,8366611,59,Best Friend (feat. Doja Cat),Saweetie,8499701,59,Laugh Now Cry Later (feat. Lil Durk),Drake,8491373,59,Take You Dancing,Jason Derulo,8539033,59,Life Goes On,BTS,8482643,59,Take You Dancing,Jason Derulo,8315131
60,Before You Go,Lewis Capaldi,8785602,60,Monster (Shawn Mendes & Justin Bieber),Shawn Mendes,8261965,60,Goosebumps,HVME,8385719,60,TE MUDASTE,Bad Bunny,8197090,60,Holy (feat. Chance The Rapper),Justin Bieber,8271052,60,Skin,Sabrina Carpenter,8321331,60,La Tóxica,Farruko,8468711,60,Holy (feat. Chance The Rapper),Justin Bieber,8509717,60,SO DONE,The Kid LAROI,8459165,60,Una Locura,"Ozuna, J Balvin, Chencho Corleone",8262061
61,Heather,Conan Gray,8601129,61,Circles,Post Malone,8241754,61,Ropa Cara,Camilo,8137759,61,Holy (feat. Chance The Rapper),Justin Bieber,8100929,61,BEBÉ,"Camilo, El Alfa",8044261,61,Relación - Remix,"Sech, Daddy Yankee, J Balvin, ROSALÍA, Farruko",8241135,61,Holy (feat. Chance The Rapper),Justin Bieber,8441818,61,Best Friend (feat. Doja Cat),Saweetie,8439952,61,Put Your Records On,Ritt Momney,8426718,61,death bed (coffee for your head),"Powfu, beabadoobee",8246212
62,My Head & My Heart,Ava Max,8522172,62,Goosebumps,HVME,8189693,62,TE MUDASTE,Bad Bunny,8119981,62,Snowman,Sia,8095897,62,Laugh Now Cry Later (feat. Lil Durk),Drake,8024290,62,Laugh Now Cry Later (feat. Lil Durk),Drake,8221248,62,Best Friend (feat. Doja Cat),Saweetie,8391792,62,Train Wreck,James Arthur,8365620,62,Train Wreck,James Arthur,8395470,62,GIRL LIKE ME,"Black Eyed Peas, Shakira",8112672
63,La Nota,"Manuel Turizo, Rauw Alejandro, Myke Towers",8436270,63,Lonely (with benny blanco),Justin Bieber,8122502,63,willow,Taylor Swift,8109795,63,Arcade,Duncan Laurence,8018234,63,Relación - Remix,"Sech, Daddy Yankee, J Balvin, ROSALÍA, Farruko",7994871,63,Antes,"Anuel AA, Ozuna",8165731,63,"34+35 Remix (feat. Doja Cat, Megan Thee Stallion) - Remix",Ariana Grande,8217247,63,Breaking Me,"Topic, A7S",8363132,63,death bed (coffee for your head),"Powfu, beabadoobee",8374001,63,Breaking Me,"Topic, A7S",8100070
64,For The Night (feat. Lil Baby & DaBaby),Pop Smoke,8181437,64,AP - Music from the film Boogie,Pop Smoke,8025314,64,Afterglow,Ed Sheeran,8091296,64,Goosebumps,HVME,8001120,64,Starboy,"The Weeknd, Daft Punk",7957031,64,lovely (with Khalid),Billie Eilish,8041470,64,Take You Dancing,Jason Derulo,8174671,64,Savage Love (Laxed - Siren Beat),"Jawsh 685, Jason Derulo",8340621,64,Breaking Me,"Topic, A7S",8286089,64,The Box,Roddy Ricch,8063237
65,No Te Enamores - Remix,"Milly, Farruko, Nio Garcia, Jay Wheeler, Amenazzy",8172612,65,lovely (with Khalid),Billie Eilish,8001569,65,Laugh Now Cry Later (feat. Lil Durk),Drake,8082446,65,Laugh Now Cry Later (feat. Lil Durk),Drake,7986917,65,lovely (with Khalid),Billie Eilish,7875742,65,Golden,Harry Styles,8023043,65,lovely (with Khalid),Billie Eilish,8158786,65,SO DONE,The Kid LAROI,8223144,65,Savage Love (Laxed - Siren Beat),"Jawsh 685, Jason Derulo",8276385,65,SO DONE,The Kid LAROI,8006842
66,Machu Picchu,"Camilo, Evaluna Montaner",8069408,66,TE MUDASTE,Bad Bunny,7874774,66,Love Story (Taylor’s Version),Taylor Swift,8022003,66,In Your Eyes,The Weeknd,7926461,66,Circles,Post Malone,7856319,66,Lucid Dreams,Juice WRLD,7976363,66,Bad Boy (with Young Thug),Juice WRLD,8154347,66,De Una Vez,Selena Gomez,8196086,66,Una Locura,"Ozuna, J Balvin, Chencho Corleone",8233311,66,Se Te Nota (with Guaynaa),Lele Pons,7958084
67,911,Sech,8048030,67,Sunflower - Spider-Man: Into the Spider-Verse,"Post Malone, Swae Lee",7810431,67,Relación - Remix,"Sech, Daddy Yankee, J Balvin, ROSALÍA, Farruko",7859511,67,Chica Ideal,"Sebastian Yatra, Guaynaa",7921863,67,death bed (coffee for your head),"Powfu, beabadoobee",7851302,67,Circles,Post Malone,7953154,67,Breaking Me,"Topic, A7S",8125160,67,Una Locura,"Ozuna, J Balvin, Chencho Corleone",8190502,67,Circles,Post Malone,8207957,67,UN DIA (ONE DAY) (Feat. Tainy),"J Balvin, Dua Lipa, Bad Bunny",7925452
68,Circles,Post Malone,7939493,68,death bed (coffee for your head),"Powfu, beabadoobee",7786145,68,death bed (coffee for your head),"Powfu, beabadoobee",7838502,68,Lucid Dreams,Juice WRLD,7792499,68,Lucid Dreams,Juice WRLD,7813139,68,La Tóxica,Farruko,7952886,68,death bed (coffee for your head),"Powfu, beabadoobee",8107575,68,death bed (coffee for your head),"Powfu, beabadoobee",8153192,68,UN DIA (ONE DAY) (Feat. Tainy),"J Balvin, Dua Lipa, Bad Bunny",8181552,68,La Curiosidad,"Jay Wheeler, DJ Nelson, Myke Towers",7907130
69,lovely (with Khalid),Billie Eilish,7844367,69,Afterglow,Ed Sheeran,7676938,69,Circles,Post Malone,7784051,69,death bed (coffee for your head),"Powfu, beabadoobee",7760635,69,La Tóxica,Farruko,7807696,69,death bed (coffee for your head),"Powfu, beabadoobee",7915820,69,Savage Love (Laxed - Siren Beat),"Jawsh 685, Jason Derulo",8091199,69,Mi Niña,"Wisin, Myke Towers, Los Legendarios",8148417,69,Golden,Harry Styles,8134911,69,Blueberry Faygo,Lil Mosey,7865904
70,Monster (Shawn Mendes & Justin Bieber),Shawn Mendes,7711708,70,Holy (feat. Chance The Rapper),Justin Bieber,7644812,70,Holy (feat. Chance The Rapper),Justin Bieber,7752033,70,No Te Enamores - Remix,"Milly, Farruko, Nio Garcia, Jay Wheeler, Amenazzy",7740153,70,Antes,"Anuel AA, Ozuna",7780837,70,Take You Dancing,Jason Derulo,7906762,70,Lucid Dreams,Juice WRLD,7979267,70,Life Goes On,BTS,8143391,70,The Box,Roddy Ricch,8085389,70,Golden,Harry Styles,7788756
71,Fiel,"Los Legendarios, Wisin, Jhay Cortez",7664273,71,Lucid Dreams,Juice WRLD,7591824,71,HOLIDAY,Lil Nas X,7735141,71,lovely (with Khalid),Billie Eilish,7720426,71,No Te Enamores - Remix,"Milly, Farruko, Nio Garcia, Jay Wheeler, Amenazzy",7710872,71,Savage Love (Laxed - Siren Beat),"Jawsh 685, Jason Derulo",7793515,71,Golden,Harry Styles,7956367,71,Golden,Harry Styles,8104923,71,lovely (with Khalid),Billie Eilish,8017741,71,Body,Megan Thee Stallion,7697915
72,death bed (coffee for your head),"Powfu, beabadoobee",7631789,72,Relación - Remix,"Sech, Daddy Yankee, J Balvin, ROSALÍA, Farruko",7565280,72,Lucid Dreams,Juice WRLD,7694447,72,Circles,Post Malone,7627845,72,Golden,Harry Styles,7705891,72,Breaking Me,"Topic, A7S",7766430,72,Circles,Post Malone,7924579,72,Put Your Records On,Ritt Momney,8078404,72,Lucid Dreams,Juice WRLD,7971257,72,pov,Ariana Grande,7693964
73,Goosebumps,HVME,7630805,73,Savage Love (Laxed - Siren Beat),"Jawsh 685, Jason Derulo",7543600,73,LOCATION,"KAROL G, Anuel AA, J Balvin",7656198,73,Relación - Remix,"Sech, Daddy Yankee, J Balvin, ROSALÍA, Farruko",7598564,73,Sunflower - Spider-Man: Into the Spider-Verse,"Post Malone, Swae Lee",7680908,73,Vida de Rico,Camilo,7664608,73,Una Locura,"Ozuna, J Balvin, Chencho Corleone",7883945,73,Lucid Dreams,Juice WRLD,8046156,73,La Curiosidad,"Jay Wheeler, DJ Nelson, Myke Towers",7947765,73,Sunflower - Spider-Man: Into the Spider-Verse,"Post Malone, Swae Lee",7674841
74,At My Worst,Pink Sweat$,7624352,74,Only Wanna Be With You - Pokémon 25 Version,Post Malone,7464020,74,lovely (with Khalid),Billie Eilish,7652281,74,BEBÉ,"Camilo, El Alfa",7571377,74,Savage Love (Laxed - Siren Beat),"Jawsh 685, Jason Derulo",7508513,74,Sunflower - Spider-Man: Into the Spider-Verse,"Post Malone, Swae Lee",7564613,74,Goosebumps - Remix,"Travis Scott, HVME",7871104,74,lovely (with Khalid),Billie Eilish,8025572,74,Memories,Maroon 5,7878468,74,Memories,Maroon 5,7621887
75,Además de Mí - Remix,"Rusherking, KHEA, Duki, Maria Becerra, Lit Killah, Tiago PZK",7618673,75,At My Worst,Pink Sweat$,7449905,75,Savage Love (Laxed - Siren Beat),"Jawsh 685, Jason Derulo",7620195,75,LOCATION,"KAROL G, Anuel AA, J Balvin",7552834,75,goosebumps,Travis Scott,7466559,75,Train Wreck,James Arthur,7528757,75,Train Wreck,James Arthur,7822464,75,Circles,Post Malone,8002732,75,Se Te Nota (with Guaynaa),Lele Pons,7838724,75,Adore You,Harry Styles,7596018
76,Sunflower - Spider-Man: Into the Spider-Verse,"Post Malone, Swae Lee",7539296,76,LOCATION,"KAROL G, Anuel AA, J Balvin",7386330,76,Chica Ideal,"Sebastian Yatra, Guaynaa",7569364,76,goosebumps,Travis Scott,7433950,76,At My Worst,Pink Sweat$,7441194,76,At My Worst,Pink Sweat$,7517110,76,Life Goes On,BTS,7785654,76,UN DIA (ONE DAY) (Feat. Tainy),"J Balvin, Dua Lipa, Bad Bunny",7980324,76,Best Friend (feat. Doja Cat),Saweetie,7809517,76,lovely (with Khalid),Billie Eilish,7560927
77,Holy (feat. Chance The Rapper),Justin Bieber,7471348,77,Shallow,"Lady Gaga, Bradley Cooper",7368558,77,The Hills,The Weeknd,7565244,77,Ella No Es Tuya - Remix,"Rochy RD, Myke Towers, Nicki Nicole",7381124,77,Breaking Me,"Topic, A7S",7420530,77,goosebumps,Travis Scott,7503244,77,UN DIA (ONE DAY) (Feat. Tainy),"J Balvin, Dua Lipa, Bad Bunny",7714034,77,Wonder,Shawn Mendes,7943337,77,Sunflower - Spider-Man: Into the Spider-Verse,"Post Malone, Swae Lee",7785920,77,Lucid Dreams,Juice WRLD,7516001
78,Laugh Now Cry Later (feat. Lil Durk),Drake,7462613,78,goosebumps,Travis Scott,7356587,78,Sunflower - Spider-Man: Into the Spider-Verse,"Post Malone, Swae Lee",7470626,78,Shallow,"Lady Gaga, Bradley Cooper",7371627,78,Vida de Rico,Camilo,7395122,78,Life Goes On,BTS,7492079,78,Mi Niña,"Wisin, Myke Towers, Los Legendarios",7687370,78,The Box,Roddy Ricch,7843643,78,Body,Megan Thee Stallion,7731977,78,Jeans,Justin Quiles,7514833
79,TE MUDASTE,Bad Bunny,7461049,79,Ropa Cara,Camilo,7342932,79,Golden,Harry Styles,7432153,79,Golden,Harry Styles,7370093,79,Train Wreck,James Arthur,7310226,79,The Box,Roddy Ricch,7470703,79,SO DONE,The Kid LAROI,7684010,79,Sunflower - Spider-Man: Into the Spider-Verse,"Post Malone, Swae Lee",7691821,79,Wishing Well,Juice WRLD,7716900,79,Wishing Well,Juice WRLD,7494417
80,Lucid Dreams,Juice WRLD,7373276,80,willow,Taylor Swift,7280253,80,Snowman,Sia,7406528,80,Sunflower - Spider-Man: Into the Spider-Verse,"Post Malone, Swae Lee",7355712,80,Mi Niña,"Wisin, Myke Towers, Los Legendarios",7308686,80,Put Your Records On,Ritt Momney,7432975,80,Wishing Well,Juice WRLD,7644984,80,At My Worst,Pink Sweat$,7649332,80,pov,Ariana Grande,7666243,80,"Ay, DiOs Mío!",KAROL G,7464022
81,Lonely (with benny blanco),Justin Bieber,7290160,81,bad guy,Billie Eilish,7208613,81,goosebumps,Travis Scott,7368236,81,Savage Love (Laxed - Siren Beat),"Jawsh 685, Jason Derulo",7250912,81,Skin,Sabrina Carpenter,7276347,81,Adore You,Harry Styles,7418468,81,Put Your Records On,Ritt Momney,7641973,81,Wishing Well,Juice WRLD,7639310,81,At My Worst,Pink Sweat$,7663582,81,Rain On Me (with Ariana Grande),Lady Gaga,7242961
82,Ropa Cara,Camilo,7281150,82,The Hills,The Weeknd,7174503,82,Shallow,"Lady Gaga, Bradley Cooper",7344878,82,At My Worst,Pink Sweat$,7244524,82,Polvo,"Nicky Jam, Myke Towers",7264641,82,UN DIA (ONE DAY) (Feat. Tainy),"J Balvin, Dua Lipa, Bad Bunny",7393995,82,Sunflower - Spider-Man: Into the Spider-Verse,"Post Malone, Swae Lee",7627303,82,Heat Waves,Glass Animals,7518807,82,Vibez,ZAYN,7636528,82,Parce (feat. Justin Quiles),"Maluma, Lenny Tavárez",7209445
83,Relación - Remix,"Sech, Daddy Yankee, J Balvin, ROSALÍA, Farruko",7148807,83,Golden,Harry Styles,7166322,83,Breaking Me,"Topic, A7S",7301049,83,UN DIA (ONE DAY) (Feat. Tainy),"J Balvin, Dua Lipa, Bad Bunny",7242887,83,The Box,Roddy Ricch,7225799,83,Wishing Well,Juice WRLD,7392381,83,The Box,Roddy Ricch,7624391,83,goosebumps,Travis Scott,7454298,83,Wasted On You,Morgan Wallen,7579797,83,"Nathy Peluso: Bzrp Music Sessions, Vol. 36","Bizarrap, Nathy Peluso",7208840
84,Shallow,"Lady Gaga, Bradley Cooper",7140043,84,Señorita,"Shawn Mendes, Camila Cabello",7159338,84,BEBÉ,"Camilo, El Alfa",7292831,84,Adore You,Harry Styles,7234027,84,Señorita,"Shawn Mendes, Camila Cabello",7174615,84,Una Locura,"Ozuna, J Balvin, Chencho Corleone",7344031,84,At My Worst,Pink Sweat$,7540475,84,Adore You,Harry Styles,7446952,84,Blueberry Faygo,Lil Mosey,7577144,84,Train Wreck,James Arthur,7207365
85,goosebumps,Travis Scott,7118422,85,The Box,Roddy Ricch,7102864,85,My Head & My Heart,Ava Max,7272551,85,La Tóxica,Farruko,7097729,85,my ex's best friend (with blackbear),Machine Gun Kelly,7158048,85,Bad Boy (with Young Thug),Juice WRLD,7318236,85,goosebumps,Travis Scott,7486445,85,Body,Megan Thee Stallion,7416998,85,Adore You,Harry Styles,7520848,85,Tusa,"KAROL G, Nicki Minaj",7186577
86,BEBÉ,"Camilo, El Alfa",7068061,86,Laugh Now Cry Later (feat. Lil Durk),Drake,7089365,86,Mi Niña,"Wisin, Myke Towers, Los Legendarios",7263830,86,Breaking Me,"Topic, A7S",7096603,86,Life Goes On,BTS,7156774,86,SO DONE,The Kid LAROI,7308048,86,All We Got (feat. KIDDO),Robin Schulz,7483741,86,Blueberry Faygo,Lil Mosey,7402175,86,Jeans,Justin Quiles,7449211,86,Dreams - 2004 Remaster,Fleetwood Mac,7165372
87,Savage Love (Laxed - Siren Beat),"Jawsh 685, Jason Derulo",7040163,87,Chica Ideal,"Sebastian Yatra, Guaynaa",7077728,87,The Box,Roddy Ricch,7237097,87,Wishing Well,Juice WRLD,7073262,87,Una Locura,"Ozuna, J Balvin, Chencho Corleone",7141189,87,Mi Niña,"Wisin, Myke Towers, Los Legendarios",7306744,87,Adore You,Harry Styles,7340415,87,La Curiosidad,"Jay Wheeler, DJ Nelson, Myke Towers",7400472,87,Parce (feat. Justin Quiles),"Maluma, Lenny Tavárez",7427818,87,Señorita,"Shawn Mendes, Camila Cabello",7118952
88,LOCATION,"KAROL G, Anuel AA, J Balvin",7039155,88,Adore You,Harry Styles,7061995,88,Life Goes On,BTS,7196637,88,The Box,Roddy Ricch,7040473,88,Wishing Well,Juice WRLD,7136606,88,Hello (feat. A Boogie Wit da Hoodie),Pop Smoke,7268175,88,Hello (feat. A Boogie Wit da Hoodie),Pop Smoke,7327301,88,Polvo,"Nicky Jam, Myke Towers",7330583,88,"Ay, DiOs Mío!",KAROL G,7371672,88,bad guy,Billie Eilish,6983874
89,Golden,Harry Styles,7027881,89,Breaking Me,"Topic, A7S",7003875,89,Señorita,"Shawn Mendes, Camila Cabello",7146049,89,Señorita,"Shawn Mendes, Camila Cabello",6977790,89,Adore You,Harry Styles,7099637,89,You (with Marshmello & Vance Joy),benny blanco,7237152,89,Polvo,"Nicky Jam, Myke Towers",7269755,89,pov,Ariana Grande,7266900,89,goosebumps,Travis Scott,7304739,89,Reminds Me Of You,"Juice WRLD, The Kid LAROI",6884889
90,Afterglow,Ed Sheeran,6999235,90,Fiel,"Los Legendarios, Wisin, Jhay Cortez",6998322,90,At My Worst,Pink Sweat$,7086404,90,Wellerman - Sea Shanty / 220 KID x Billen Ted Remix,Nathan Evans,6928286,90,Memories,Maroon 5,7006885,90,No Te Enamores - Remix,"Milly, Farruko, Nio Garcia, Jay Wheeler, Amenazzy",7229058,90,Blueberry Faygo,Lil Mosey,7258813,90,Jeans,Justin Quiles,7258249,90,Somebody’s Problem,Morgan Wallen,7296255,90,goosebumps,Travis Scott,6877516
91,Memories,Maroon 5,6883044,91,Hasta Abajo,"Kevin Roldan, Bryant Myers, Lyanno",6977100,91,Adore You,Harry Styles,7070149,91,Polvo,"Nicky Jam, Myke Towers",6915685,91,UN DIA (ONE DAY) (Feat. Tainy),"J Balvin, Dua Lipa, Bad Bunny",6975009,91,Señorita,"Shawn Mendes, Camila Cabello",7205975,91,Wonder,Shawn Mendes,7256655,91,"Nathy Peluso: Bzrp Music Sessions, Vol. 36","Bizarrap, Nathy Peluso",7250333,91,Head Shoulders Knees & Toes (feat. Norma Jean Martine),"Ofenbach, Quarterhead",7295320,91,Come & Go (with Marshmello),Juice WRLD,6812738
92,bad guy,Billie Eilish,6875027,92,Mi Niña,"Wisin, Myke Towers, Los Legendarios",6969377,92,Hasta Abajo,"Kevin Roldan, Bryant Myers, Lyanno",7057517,92,Mi Niña,"Wisin, Myke Towers, Los Legendarios",6908147,92,Hasta Abajo,"Kevin Roldan, Bryant Myers, Lyanno",6945673,92,my ex's best friend (with blackbear),Machine Gun Kelly,7191089,92,Señorita,"Shawn Mendes, Camila Cabello",7234291,92,All We Got (feat. KIDDO),Robin Schulz,7245986,92,Señorita,"Shawn Mendes, Camila Cabello",7264289,92,At My Worst,Pink Sweat$,6758489
93,Adore You,Harry Styles,6853948,93,Memories,Maroon 5,6947415,93,In Your Eyes,The Weeknd,7012340,93,Vida de Rico,Camilo,6882780,93,Your Love (9PM),"ATB, Topic, A7S",6945072,93,Polvo,"Nicky Jam, Myke Towers",7166643,93,Memories,Maroon 5,7066877,93,Hello (feat. A Boogie Wit da Hoodie),Pop Smoke,7229950,93,"Nathy Peluso: Bzrp Music Sessions, Vol. 36","Bizarrap, Nathy Peluso",7003305,93,Hello (feat. A Boogie Wit da Hoodie),Pop Smoke,6717958
94,Señorita,"Shawn Mendes, Camila Cabello",6840280,94,911,Sech,6942571,94,UN DIA (ONE DAY) (Feat. Tainy),"J Balvin, Dua Lipa, Bad Bunny",6973995,94,Say You Won't Let Go,James Arthur,6825249,94,Blueberry Faygo,Lil Mosey,6902084,94,Blueberry Faygo,Lil Mosey,7137923,94,Head Shoulders Knees & Toes (feat. Norma Jean Martine),"Ofenbach, Quarterhead",7029034,94,Señorita,"Shawn Mendes, Camila Cabello",7208858,94,All We Got (feat. KIDDO),Robin Schulz,6989332,94,Head Shoulders Knees & Toes (feat. Norma Jean Martine),"Ofenbach, Quarterhead",6680950
95,The Box,Roddy Ricch,6810541,95,BEBÉ,"Camilo, El Alfa",6932266,95,Wishing Well,Juice WRLD,6941854,95,Memories,Maroon 5,6809502,95,SO DONE,The Kid LAROI,6851296,95,Memories,Maroon 5,7081044,95,my ex's best friend (with blackbear),Machine Gun Kelly,6986421,95,Parce (feat. Justin Quiles),"Maluma, Lenny Tavárez",7197256,95,Polvo,"Nicky Jam, Myke Towers",6965728,95,Sofia,Clairo,6667680
96,willow,Taylor Swift,6799763,96,Hello (feat. A Boogie Wit da Hoodie),Pop Smoke,6927416,96,Memories,Maroon 5,6929845,96,Train Wreck,James Arthur,6801151,96,Shallow,"Lady Gaga, Bradley Cooper",6764686,96,All We Got (feat. KIDDO),Robin Schulz,7032081,96,"Nathy Peluso: Bzrp Music Sessions, Vol. 36","Bizarrap, Nathy Peluso",6985040,96,Head Shoulders Knees & Toes (feat. Norma Jean Martine),"Ofenbach, Quarterhead",7185095,96,Robbery,Juice WRLD,6951332,96,Tattoo - Remix with Camilo,Rauw Alejandro,6665539
97,Believer,Imagine Dragons,6784840,97,Snowman,Sia,6888778,97,Believer,Imagine Dragons,6813966,97,Esquema Preferido,"DJ Ivis, Tarcísio do Acordeon",6788039,97,Robbery,Juice WRLD,6730716,97,Robbery,Juice WRLD,6891798,97,Parce (feat. Justin Quiles),"Maluma, Lenny Tavárez",6917895,97,Se Te Nota (with Guaynaa),Lele Pons,7156586,97,Come & Go (with Marshmello),Juice WRLD,6937177,97,Hawái - Remix,"Maluma, The Weeknd",6658460
98,Chica Ideal,"Sebastian Yatra, Guaynaa",6705478,98,Believer,Imagine Dragons,6861526,98,Friday (feat. Mufasa & Hypeman) - Dopamine Re-Edit,"Riton, Nightcrawlers",6804672,98,Hasta Abajo,"Kevin Roldan, Bryant Myers, Lyanno",6767753,98,Believer,Imagine Dragons,6695473,98,Jocelyn Flores,XXXTENTACION,6799218,98,Jeans,Justin Quiles,6916751,98,Memories,Maroon 5,7146057,98,Dreams - 2004 Remaster,Fleetwood Mac,6924028,98,Robbery,Juice WRLD,6543810
99,The Hills,The Weeknd,6684404,99,Life Goes On,BTS,6840014,99,Blueberry Faygo,Lil Mosey,6773131,99,Blueberry Faygo,Lil Mosey,6763045,99,Daddy Issues,The Neighbourhood,6677743,99,Daddy Issues,The Neighbourhood,6703277,99,Jocelyn Flores,XXXTENTACION,6897406,99,Ohne Dich,"KASIMIR1441, badmómzjay, WILDBWOYS",7144762,99,Rain On Me (with Ariana Grande),Lady Gaga,6923304,99,Life Is Good (feat. Drake),Future,6525397
100,Breaking Me,"Topic, A7S",6676456,100,UN DIA (ONE DAY) (Feat. Tainy),"J Balvin, Dua Lipa, Bad Bunny",6835129,100,bad guy,Billie Eilish,6737543,100,Perfect,Ed Sheeran,6744837,100,Jocelyn Flores,XXXTENTACION,6659081,100,Shallow,"Lady Gaga, Bradley Cooper",6674395,100,Robbery,Juice WRLD,6893159,100,"Ay, DiOs Mío!",KAROL G,7103906,100,Daddy Issues,The Neighbourhood,6835367,100,Falling,Trevor Daniel,6524330
