songRank,songName,songComment
1,Drivers License,"RT @qtjaemin00: jn has his drivers license so ~ 
#nomin https://t.co/ayiJmcgtGR
RT @qtjaemin00: jn has his drivers license so ~ 
#nomin https://t.co/ayiJmcgtGR
Oregon motor voter law nationwide @algore . You have a drivers license, youâ€™re registered to vote if youâ€™re of age.â€¦ https://t.co/AXxMTTLz7C
RT @qtjaemin00: jn has his drivers license so ~ 
#nomin https://t.co/ayiJmcgtGR
RT @qtjaemin00: jn has his drivers license so ~ 
#nomin https://t.co/ayiJmcgtGR
a jisso tÃ¡ cantando drivers license... para tÃ¡ doendo
RT @qtjaemin00: jn has his drivers license so ~ 
#nomin https://t.co/ayiJmcgtGR
RT @qtjaemin00: jn has his drivers license so ~ 
#nomin https://t.co/ayiJmcgtGR
RT @qtjaemin00: jn has his drivers license so ~ 
#nomin https://t.co/ayiJmcgtGR
RT @qtjaemin00: jn has his drivers license so ~ 
#nomin https://t.co/ayiJmcgtGR"
2,Up,"RT @aaIiyahhair: Ainâ€™t no nigga driving me crazy this year, IM THE DRIVER NOW!! 

buckle up bitchğŸ˜ŒğŸ˜‚
My psychiatrist: this medication also helps treat depression and anxiety
Me: cool
My psychiatrist: donâ€™t fuck up whâ€¦ https://t.co/Y5Lb5oaO3R
RT @CmCryuni: ğŸ‰ã‚³ãƒ©ãƒœè¨˜å¿µãƒ•ã‚©ãƒ­ãƒ¼ï¼†RTã‚­ãƒ£ãƒ³ãƒšãƒ¼ãƒ³ğŸ‰
ç‰¹è£½å¢¨çµµã‚¢ãƒ¼ãƒˆ #å£°å„ª #ã‚µã‚¤ãƒ³è‰²ç´™ ãŒå½“ãŸã‚‹ğŸ

ã€1å›ç›®ã€‘å¿œå‹Ÿæ–¹æ³•
1âƒ£@CmCryuniã‚’ãƒ•ã‚©ãƒ­ãƒ¼
2âƒ£ã“ã®æŠ•ç¨¿ã‚’RT
3âƒ£3/24ã€†åˆ‡ å½“é¸ã¯DMã§ã”å ±å‘Šâœ‰
æ›´ã«ãƒœãƒ¼ãƒŠã‚¹ãƒ„ã‚¤ãƒ¼ãƒˆRTã™ã‚‹ã¨å½“é¸ç¢ºç‡ãŒ2â€¦
RT @weareoneEXO: Beyond LIVE - 2021 XIUMIN ONLINE FANMEETING â€œON : XIUWEET TIMEâ€
OFFICIAL MD 2nd LINE UPÂ NOTICE

â–¶ Sales Day

2021. 03. 19â€¦
RT @weareoneEXO: Beyond LIVE - 2021 XIUMIN ONLINE FANMEETING â€œON : XIUWEET TIMEâ€
OFFICIAL MD 2nd LINE UPÂ NOTICE

â–¶ Sales Day

2021. 03. 19â€¦
RT @GenshinImpact: A Windblume Story

Today, The Cat's Tail is hosting a Festive Challenge competition with the Windblume Festival-exclusivâ€¦
RT @XoBiridiana: Okay so Iâ€™m just going just post it on Twitter first since I have like no active followers but Iâ€™m opening up my own Bodyâ€¦
RT @weareoneEXO: Beyond LIVE - 2021 XIUMIN ONLINE FANMEETING â€œON : XIUWEET TIMEâ€
OFFICIAL MD 2nd LINE UPÂ NOTICE

â–¶ Sales Day

2021. 03. 19â€¦
RT @DevinFcknEnders: Lol if @iamcardib hasnâ€™t seen this yet I hope she does soon. ğŸ˜‚ğŸ˜‚ I love it! #up https://t.co/00IH6ej7AD
You light me up inside ğŸ¶.. Do you want to join our girls night? ğŸ”¥ğŸ‘¯ https://t.co/c4doiDIlkx"
3,Blinding Lights,"RT @kevinwoo91: Blinding Lights BTS photos are up on Patreon!âœ¨
ë‹¤ ë§ì€ ë¹„í•˜ì¸ë“œ ì‚¬ì§„ë“¤ íŒ¨íŠ¸ë¦¬ì˜¨ì— ê³µê°œí–ˆì–´ìš”^^
ã‚ˆã‚Šå¤šãã®ã‚ªãƒ•ã‚·ãƒ§ãƒƒãƒˆã¯Patreonã§UPã—ã¾ã—ãŸ ^^

https://t.co/4aeRâ€¦
@ColossusNick Then the theme song for 36 was blinding lights, Vince is the ultimate troll
OJO yves feat ek chico del tarje rojo de blinding lights porfavor https://t.co/TtDV9mxMM5
#IvanKlass #Chilled #Artistic #Literary #Music  #SpreadTheWord 

""From the Dreams Full of Nightmares,
I did learn tâ€¦ https://t.co/3iyGD5gpcD
to ansiosa por causa das coisas que eu tenho que fazer essa semana enquanto toca o inÃ­cio de blinding lights na minha cabeÃ§a
The Weeknd Ft. Rosalia - Blinding Lights [Remix] (Intro Edit) (Clean)
Blinding Lights/The Weekend
#ã‚†ã—ã·ã‚Œ
The Weekndã€ã€ŒBlinding Lightsã€ãŒå…¨ç±³ãƒãƒ£ãƒ¼ãƒˆã§52é€±ãƒˆãƒƒãƒ—10å…¥ã‚Šã®æ–°è¨˜éŒ²ã‚’é”æˆ https://t.co/ySRZ6sAPRr
RT @2010MisterChip: CHL 1-0 ATM (36â€™) - Luis SuÃ¡rez cumple ahora mismo 2.160 minutos (36 horas exactas) de fÃºtbol sin marcar como visitanteâ€¦
RT @EiRR0RMuziek: Blinding Lights (Unknown Error Bootleg)
Release coming soon: Keep Informed! ğŸ‘€ 
#ukhardcore #happyhardcore #remix #EDMTwitâ€¦"
4,34+35,"@boxingscene â€˜Alvarez didnâ€™t fight Gennady Golovkin until he was 36, Miguel Cotto until he was 35, Erislandy Lara uâ€¦ https://t.co/G6hmlBbyJf
RT @fahskyarissara: à¸™à¸±à¸šà¸•à¸²à¸¡à¸ªà¸²à¸à¸¥
à¸¥à¸µà¸—à¸¶à¸ - 38
à¸®à¸µà¸Šà¸­à¸¥ - 38
à¹€à¸¢à¸‹à¸­à¸‡ - 37
à¸Šà¸´à¸™à¸”à¸‡ - 36
à¸­à¸¶à¸™à¸®à¸¢à¸­à¸ - 35
à¸—à¸‡à¹€à¸® - 35
à¸‹à¸µà¸§à¸­à¸™ - 35
à¹€à¸£à¸µà¸¢à¸§à¸­à¸¸à¸„ - 34
à¸„à¸¢à¸¹à¸®à¸¢à¸­à¸™ - 33
à¸£à¸§à¸¡â€¦
RT @K1: STOP THE HATE! John 13:34-35

My condolences and prayers to those who have lost loved ones unnecessarily.  I donâ€™t understand the hâ€¦
RT @ChanyeolBrand: 33 https://t.co/0rdyfVKIiC
34 https://t.co/hF8aYNPtzS
35 https://t.co/H8nzMVBYtu

#TheBoxPremiere
#CHANYEOLinTheBox
#3ì›”2â€¦
iTunes US

#141 Lady Gaga &amp; Ariana Grande - Rain On Me (+99)
#169 Ariana Grande - Dangerous Woman (NEW)
#219 Arianaâ€¦ https://t.co/Q3CZvLJPsx
Big Move Alert 
1. C -0.09 S 0.05 N 34 or 35 https://t.co/K8Uu2KFsWi Y 0.11
2. C 0.05 S 0.03 N 36 or 37 https://t.co/K8Uu2KFsWi Y 0.89
×‘×œ×™×›×•×“ ××•×¤×˜×™××™×™× | ×¡×§×¨×™× ×¤× ×™××™×™× ×¦×•×¤×™× 34Ö¾35 ×× ×“×˜×™×

×¦×™×œ×•×: Yonatan Sindel/Flash90 https://t.co/P8UhT5LJ3w
ã‚µã‚¤ã‚º
ï¼ˆç´„ï¼‰ï¼ˆã‚¿ãƒ†ï¼‰35ï¼0Ã—ï¼ˆãƒ¨ã‚³ï¼‰34ï¼0Ã—ï¼ˆãƒãƒï¼‰14ï¼0cm
ã¯ã¡ã‚‡ã£ã¨ã—ãŸãŠè²·ã„ç‰©ã‚„ã€ç”·æ€§ã®äºŒæ³Šç¨‹åº¦ã®è·ç‰©ãªã‚‰
ååˆ†å…¥ã‚Šãã†ã§ã™ã€‚å¤–ã«å¤§ãã‚ã®ãƒã‚±ãƒƒãƒˆ1ã€å†…éƒ¨ã«1
ã©ã¡ã‚‰ã‚‚ã‚¸ãƒƒãƒ‘ãƒ¼ä»˜ãã§ã‚¬ãƒ¼ãƒ‰ã‚‚ã°ã£ã¡ã‚Šã€‚â€¦ https://t.co/cqhSHFgWcH
RT @sweet_star0317: #å¹´å­week
(ğŸ¤ğŸ¢ğŸ¤ğŸ£.ğŸ¥.ğŸ£ğŸ© ~ ğŸ¤ğŸ¢ğŸ¤ğŸ£.ğŸ¥.ğŸ¤ğŸ¥)

ä»Šæ—¥ã‹ã‚‰1é€±é–“ #ã‚­ã‚¹ãƒã‚¤ ã ã‘ã«è¨ªã‚Œã‚‹å¥‡è·¡âœ¨

#åŒ—å±±å®å…‰ (35) #æ¨ªå°¾æ¸‰ (34) #è—¤ãƒ¶è°·å¤ªè¼” (33) #å®®ç”°ä¿Šå“‰ (32) #ç‰æ£®è£•å¤ª (31) #äºŒéšå ‚é«˜å—£â€¦
@nabbonyi Langsung yaang. Tp nnti malem 34+35 g?"
5,Go Crazy,"@iisunx_ Tbh idk how long I've been waiting bc of this crazy stuff with my losing my other acc having to make thisâ€¦ https://t.co/bqqM8QM22F
RT @artistryjen: ""go crazy blinks"" ğŸ˜­ https://t.co/GAFYwgMcwZ
RT @PS_OfficialTH: As a fans, we are not perfect. We make mistakes. We forgot things. We lose our cool and some days we go a little crazy.â€¦
RT @Just_KingCammm: When I have a bad day I go home and take a nap. Not murder 8 innocent people in 3 different locations. Itâ€™s crazy how tâ€¦
RT @Just_KingCammm: When I have a bad day I go home and take a nap. Not murder 8 innocent people in 3 different locations. Itâ€™s crazy how tâ€¦
RT @Just_KingCammm: When I have a bad day I go home and take a nap. Not murder 8 innocent people in 3 different locations. Itâ€™s crazy how tâ€¦
RT @Just_KingCammm: When I have a bad day I go home and take a nap. Not murder 8 innocent people in 3 different locations. Itâ€™s crazy how tâ€¦
Go crazy. https://t.co/MdkL4l9eaj
RT @Just_KingCammm: When I have a bad day I go home and take a nap. Not murder 8 innocent people in 3 different locations. Itâ€™s crazy how tâ€¦
RT @Just_KingCammm: When I have a bad day I go home and take a nap. Not murder 8 innocent people in 3 different locations. Itâ€™s crazy how tâ€¦"
6,Save Your Tears,"POPULAR NOW ~ Worldwide
Songs

1 â™ DYNAMITE by BTS
2 âš LEAVE THE DOOR OPEN by Bruno Mars, Anderson .Paak &amp; Silk Sonâ€¦ https://t.co/m8fBHFBZPZ
@AustinMNavarro @Graciebeibe @dailytrvis Every song on eternal atake some songs from future's album, save your tears, many many more songs
SAVE YOUR TEARS
Save Your Tears
save your tears for the day when our pain is far behind&lt;ç—›ã¿ãŒé ãéãå»ã‚‹ã¾ã§ æ¶™ã¯è¦‹ã›ã‚‹ãª&gt;ã€€ã€€ï½¢riseï½£/(æ”»æ®»æ©Ÿå‹•éšŠ S.A.C. 2ndGIGã€€OP)
Save your tears de the weeknd, me define al momento de conocer a alguien, pq siempre huyo...
RT @theweeknd: SAVE YOUR TEARS OUT NOW : https://t.co/I8ibu2qoOW https://t.co/s0RRpVB1pI
RT @DojaCatStats: â€œStreetsâ€ has surpassed â€œSave Your Tearsâ€ and â€œWhooptyâ€ becoming the 6th most streamed song of 2021 in the US, with overâ€¦
â€œSave your tears for another day...â€ https://t.co/g3QZ1pt1Cx
RT @DojaCatStats: â€œStreetsâ€ has surpassed â€œSave Your Tearsâ€ and â€œWhooptyâ€ becoming the 6th most streamed song of 2021 in the US, with overâ€¦"
7,Mood,"RT @tagsenchemistry: Donny is a mood ğŸ˜³â¤ï¸

#DonBelle #DONBELLEmpire
@donnypangilinan | @bellemariano02 https://t.co/qUXykx3uDE
mood https://t.co/i2nr7pOrW0
RT @jadutxt: #mood .. https://t.co/zz6sxeE4oz
Mood today! https://t.co/kzcNWWVf9q
RT @iamarqui: MOOD asf https://t.co/XB9epAhamZ
RT @Rayrexofficial: Mood all March!!!! https://t.co/0EQWC2nPjW
@hopeworldxmon MOOD
RT @chunsik15: #mood https://t.co/hIJOud5K9b
RT @rubberdeokies: the mood was all serious and I skipped a bit so I landed on TXTs and wtf ??? why so comedic ğŸ˜­ğŸ˜­ğŸ˜­ğŸ˜­ https://t.co/hv4pjZi0SR
RT @rubberdeokies: the mood was all serious and I skipped a bit so I landed on TXTs and wtf ??? why so comedic ğŸ˜­ğŸ˜­ğŸ˜­ğŸ˜­ https://t.co/hv4pjZi0SR"
8,Calling My Phone,"RT @itsahlyssamarie: tiktok vibed wit it, how ab twitter?? hereâ€™s my remix to â€œCalling My Phone â˜ï¸ â€œ @liltjay https://t.co/8jtLq5Og73
Calling my Phone ; mood
I hate everybody lol. Dead ass. Stop calling my phone. ğŸ˜‘
Liltjayy knew what he was doing w/ calling my phone ğŸ˜‚
@HelloBatsy Sad L homie I told my manager don't bother me tomorrow don't think of calling me I will not work that dâ€¦ https://t.co/FDmYR2XeBC
RT @Father2AQueen: Iâ€™ve been teaching my daughter the concept of calling upon her lord and seeking His help before turning to others. Todayâ€¦
Start calling my phone
THAT CRACK KICKIN TIA ASS BITCH STILL UP CALLING MY FUCKIN PHONE AT THIS HOURğŸ¤¦ğŸ½â€â™€ï¸
RT @itsahlyssamarie: tiktok vibed wit it, how ab twitter?? hereâ€™s my remix to â€œCalling My Phone â˜ï¸ â€œ @liltjay https://t.co/8jtLq5Og73
@tzsawyer @NBCNews Maybe they should just stop making number based phones landline and mobile period. ğŸ¤·â€â™‚ï¸can't seeâ€¦ https://t.co/aklFqZ0vgz"
9,What You Know Bout Love,"pop smoke// what you know bout love.ğŸ’•
What you know bout love, I got what you need
https://t.co/EQylXRi27v
#NowPlaying
@POPSMOKE10 â€œWhat You Know Bout Loveâ€
#DCPlaylist
What you know bout love? I got what you need.
@AKAMeidasWendy @Meidas_LaurenA @Meidas_Erin @MeidasCeejay @lmakowski3 @Meidas_Kiesha @Meidas_Kassanâ€¦ https://t.co/EZmjW6wgPW
ğŸµğŸµ NOW PLAYING: What You Know Bout Love [Clean] - Pop Smoke ğŸµğŸµ
Pop Smoke - What You Know Bout Love (Dirty)
WHAT YOU KNOW BOUT LOVE
What you know bout love? I got what you needğŸ¶"
10,Levitating,"RT @yerinkth: Yuju: levitating

Also yuju: being a visual https://t.co/K5n693KGBg
RT @Ste_gOsH930: I still can't believe Yuju's part was her levitatingğŸ˜‚ğŸ¤£

@GFRDofficial
#GFRIEND #ìœ ì£¼ #ë§ë§ 
#WhatDoYouBelieveIn 
#IBelieveInMyâ€¦
RT @Ste_gOsH930: I still can't believe Yuju's part was her levitatingğŸ˜‚ğŸ¤£

@GFRDofficial
#GFRIEND #ìœ ì£¼ #ë§ë§ 
#WhatDoYouBelieveIn 
#IBelieveInMyâ€¦
RT @Ste_gOsH930: I still can't believe Yuju's part was her levitatingğŸ˜‚ğŸ¤£

@GFRDofficial
#GFRIEND #ìœ ì£¼ #ë§ë§ 
#WhatDoYouBelieveIn 
#IBelieveInMyâ€¦
RT @Ste_gOsH930: GFriend's part looked so cool and extra and they're basically just practicing ğŸ˜‚ in such a cool outfits and lmfao Yuju leviâ€¦
RT @Ste_gOsH930: GFriend's part looked so cool and extra and they're basically just practicing ğŸ˜‚ in such a cool outfits and lmfao Yuju leviâ€¦
yuju levitating ğŸ˜„ğŸ˜„
#WhatDoYouBelieveIn
#IBelieveInMySelf #GFRIEND 
#ì—¬ìì¹œêµ¬ @GFRDofficial https://t.co/N5eihsPZir
RT @Ste_gOsH930: GFriend's part looked so cool and extra and they're basically just practicing ğŸ˜‚ in such a cool outfits and lmfao Yuju leviâ€¦
RT @Gfriendology: AYO WHY IS YUJU LEVITATING LMAOOO https://t.co/zXumAUNKKJ
RT @Ste_gOsH930: I still can't believe Yuju's part was her levitatingğŸ˜‚ğŸ¤£

@GFRDofficial
#GFRIEND #ìœ ì£¼ #ë§ë§ 
#WhatDoYouBelieveIn 
#IBelieveInMyâ€¦"
11,Positions,"â­•ï¸ ONCE EXIT ALL POSITIONS âœ…âœ…âœ…

STRICTLY STRICTLY EXIT IN ALL POSITIONS ğŸ‘ˆğŸ‘ˆğŸ‘ˆğŸ‘ˆğŸ‘ˆâœ…âœ…âœ…âœ…
@offthetableag @selenactr @LilChukkyy @seIepussy @victorsrevival @betteroffwbk @PopCrave @selenagomez @ss still revâ€¦ https://t.co/cyJFUiV4ry
RT @fearlesskwan: iâ€™ve noticed how pledis has been more open recently to collabs,, theyâ€™ve been more open to having women like,, more g-b iâ€¦
RT @kylegriffin1: Abrams on her VP ambitions: ""I was chastised for refusing to demur and pretend that I didn't have the capacity to do theâ€¦
RT @Komaniecki_R: James Levine was one of a staggering number of powerful men in classical music who used his positions of power to sexuallâ€¦
RT @positionspromo: Apple Music US (Albums):

#10. â€œPositions (Deluxe)â€ â€” @ArianaGrande (+2)  https://t.co/9mbBcoebu7
@DavidSHolz @rsnous oh oops, thought I mentioned it was x/y positions - no FLIP I think since there is no invertingâ€¦ https://t.co/O32SajDrbH
RT @a_charalambides: Interested in a PhD? Positions available at our Laboratory.

Two positions on: â€œEnergy and Meteorologyâ€
One position oâ€¦
RT @PETlTEFEMME: ã…¤
ã…¤
âšªï¸ AVAILABLE POSITIONS: 

(2) Admins 

Contact Person: 
@jasminezalea / @naeunjkt 
ã…¤
ã…¤
RT @kylegriffin1: Abrams on her VP ambitions: ""I was chastised for refusing to demur and pretend that I didn't have the capacity to do theâ€¦"
12,Therefore I Am,"RT @MaxBoot: When I was growing up in the 1980s, the Republican Party stood for freedom. It was the reason why I became a Republican in theâ€¦
this song will forever be linked to Aquamarine; therefore i am also emotionally attached to it https://t.co/RYUPp0XyqJ
RT @NAN_DINI_: ~Personal Statement ~
Ram Guha thinks. Therefore I am. 
Romilla Thapar thought. Therefore I was. 

The Mughals gave us art,â€¦
RT @vagsupreme: h*lseyâ€™s reasoning on why sheâ€™s a she/they now... â€œi realized i am a human being and not walking stereotype of femininity,â€¦
RT @JeniferShamalla: â€œNo man is an island,
Entire of itself....Each man's death diminishes me,For I am involved in mankind.Therefore, sendâ€¦
Dont forget. You aren't a noun. You are a verb. Whut you do defines you. Whut you do makes you. I think therefore iâ€¦ https://t.co/1FchZsw6mr
@creeptwin @wtflanksteak *asian succeeds*
-rightwing: 'i will applaud you and am therefore not a racist'
-leftwing:â€¦ https://t.co/wgRabdmzdo
RT @forfruitsonly: ğŸ‰ à¸•à¸³à¹à¸«à¸™à¹ˆà¸‡ C à¹à¸•à¹ˆà¸¥à¸°à¹€à¸à¸¥à¸‡à¸‚à¸­à¸‡à¸à¸²à¸£à¹à¸ªà¸”à¸‡à¸£à¸­à¸šà¸—à¸µà¹ˆ 2 
believer : à¹„à¸•à¹‰à¹€à¸ªà¸µà¹ˆà¸¢à¸§à¸•à¸‡ 
therefore i am : à¸ˆà¸²à¸‡à¹€à¸ˆà¸µà¸¢à¸«à¸¢à¸§à¸™ 
æˆ‘ç®¡ä½  : à¸ˆà¸´à¹‰à¸‡à¸«à¸¥à¸‡ 
ä½ å°±ä¸è¦æƒ³èµ·æˆ‘ :â€¦
@MollyJongFast Did he ended with ""Therefore I am moving out of the country""? That will make this a happy country.
Y 50.7-13
â€œ..'Consider, therefore, what manner of man your Master is become: 
for, behold, I am the sacrifice &amp; theâ€¦ https://t.co/7b3Arj7ISG"
13,Back In Blood,"Blood flow and trying to ease any tension in his muscles from pulling on the restraints so hard. 

Izuku moves backâ€¦ https://t.co/ubZbzXX0si
RT @AyeChan_007: See the real situation in Myanmar (Day &amp; Night) since Feb 1 coup.

But we, myanmar people will continue to fight till we wâ€¦
@NoelVossen I am desperate for help. I need my insulin to bring my blood sugar back down. Itâ€™s $217. Thatâ€™s all I nâ€¦ https://t.co/rvrjq7NO7q
@thompsonkyliel I am desperate for help. I need my insulin to bring my blood sugar back down. Itâ€™s $217. Thatâ€™s allâ€¦ https://t.co/dtgped3vaW
@nikaidoirl I am desperate for help. I need my insulin to bring my blood sugar back down. Itâ€™s $217. Thatâ€™s all I nâ€¦ https://t.co/d5tnzEbJfW
@chloeswid I am desperate for help. I need my insulin to bring my blood sugar back down. Itâ€™s $217. Thatâ€™s all I neâ€¦ https://t.co/BvoOYBhaOH
@premepattt I am desperate for help. I need my insulin to bring my blood sugar back down. Itâ€™s $217. Thatâ€™s all I nâ€¦ https://t.co/TmaKHZDvx6
@000Jules000 I am desperate for help. I need my insulin to bring my blood sugar back down. Itâ€™s $217. Thatâ€™s all Iâ€¦ https://t.co/f1qca4Ro11
RT @Puddden: @BuzzFeedNews @katiecouric @SheriffJayBaker to say this murderer had ""a bad day"" is irresponsible &amp; clears the path for otherâ€¦
@pelham_curtis I am desperate for help. I need my insulin to bring my blood sugar back down. Itâ€™s $217. Thatâ€™s allâ€¦ https://t.co/vWqBNdJUYF"
14,For The Night,"Yesterday night, A prayer service was held for the fallen heroes at Yaesakyo Township. 

INTERNET BLACKOUTâ€¦ https://t.co/DdT85jHswL
Covering a Sunday night on the 11th of April until 6am, haircut is booked for 10am on the 12th and pub at 12.30 forâ€¦ https://t.co/q2JKaJuZhY
RT @sportbible: â€œYou know more than me, truth be told, I should be gone by now.â€ ğŸ˜”

It's 9 years to the day since @fmuamba6 was 'dead for 7â€¦
RT @BenChilwell: Super sub Emmy! ğŸ¤£â¤ï¸ Brilliant from the lads, great night for everyone ğŸ’™ https://t.co/8daJoceBE0
RT @akxtasy: last night my friend was arrested for marijuana possession &amp; later murdered under police custody at collin county. if u know câ€¦
RT @ChelseaFC: Lots to be cheerful about for the gaffer ğŸ˜
His thoughts after a memorable night... 
#CHEATM https://t.co/EvKCCIAITt
RT @ChelseaFC: Lots to be cheerful about for the gaffer ğŸ˜
His thoughts after a memorable night... 
#CHEATM https://t.co/EvKCCIAITt
RT @akxtasy: last night my friend was arrested for marijuana possession &amp; later murdered under police custody at collin county. if u know câ€¦
The Blues in Round 1 are like that mate who says theyâ€™re keen for a big night but always sneak home in an Uber around 9:30pm...
RT @akxtasy: last night my friend was arrested for marijuana possession &amp; later murdered under police custody at collin county. if u know câ€¦"
15,Beat Box,"Ibarat gua yang asik bercerita,  lo dengerin doang  dengan humming hmmm abis itu iyak. bangsat lo beat box. Gua tauâ€¦ https://t.co/g3YfrTnUuT
Beat box lowkey my shit
told you he donâ€™t eat pussy but to this pussy he gone beat box
SpotemGottem, Pooh Shiesty - Beat Box 2
@ellaemufur But can you beat box like Morshu?
@chipmeahan @JeffreyRitchey @glangendorf01 Yeah, @mmfa has been working hard on this for years now.  Itâ€™s called â€œcâ€¦ https://t.co/pZCTCEvlz5
told you he donâ€™t eat but to this pussy he gone beat box ğŸ˜ - @mulatto
your ex-boyfriend will tell a lie heart and don't betray cute convocation, don't betray beat to Bald Spot  

Lucky Item: blue Green2Go Box
RT @WessWalker: If someone told me the rapper who made â€œbeat boxâ€ was NBA Youngboy I would def believe em
@j_winterton @mahal0z The first time I heard him beat box and math rap was not at a funeral it was at a team buildiâ€¦ https://t.co/Bhu1Fi4Vtk"
16,Dakiti,"My mood 24/7: @sanbenito @jhaycortez cd: seanschutt69 on tiktok, #dakiti https://t.co/Y7yKsR3s2z
#NowPlaying on https://t.co/TRnnbowV7G: Dakiti by @badbunnycharts
si hubieran enfocado a harry cantando/bailando dakiti mientras bad bunny estaba cantando en los grammys... no estarâ€¦ https://t.co/1XvM6N8PHa
that video of bad bunny dancing to dua lipa pls i needed harry dancing to dakiti I NEED TO KNOW IF MY MAN AT LEAST KNOWS THE SONG
Que tal saben las patas de dakiti? https://t.co/j6WHLXoKei
saben que no olvido ni perdono? que no haya un video de harry durante la presentaciÃ³n de dakiti q broncaaa
RT @UniversoLxtin: Bad Bunny x Jhay Cortez - DAKITI

                                   https://t.co/IW6APOCYGG
unas ganas de estar bailando con una birrita en la mano, re en una sin poder ni escucharme a mi misma de lo fuerteâ€¦ https://t.co/RFXyyK58SO
Dile a dakiti q se lo quite o me hago akgae de jisoo https://t.co/I2LwQ4eN76
ustedes actuan como si no es q la mogolica de dakiti lo hizo hace mucho junto a sus 100 monas y no se lo quito hastâ€¦ https://t.co/JtY7EpmNJa"
17,You Broke Me First.,"Tate McRae - you broke me first https://t.co/zQNBb2YYcS via @YouTube
Tate McRae - you broke me first
RT @vuomet: selena gomez just broke the record for first spanish EP to go #1 on us itunesâ€¦ and broke the record for EP with the most numberâ€¦
when covid first broke out and if the first initial thought you had was to blame the asian community ima need you to unfollow me &lt;3.
@MUSIKMENFESS you broke me first
#NowPlaying  
[  Tate McRae - you broke me first  ]
entre agora para ouvir ao vivoğŸ§ğŸ¶

 ğŸ‘‰https://t.co/hKZF1uCKmiğŸ‘ˆ

Nâ€¦ https://t.co/SCKPihJovw
#NOWPLAYING #TUCKA56RADIO #hitmusicguarantee you broke me first by @TateMcRae #LISTEN TUCKA56RADIOâ€¦ https://t.co/PvjipzNj0v
RT @__Yoyinsolami: Sad Songs

Skinny love: Birdy
Lost boy: Ruth B
One day: Tate McRae
Fake Friends: Katya Mila
You Broke Me First: Tate McRâ€¦
RT @eridelgadoo: cuando escuche you broke me first sin llorar va a ser el momento en el que estÃ© bien xddd
RT @eridelgadoo: cuando escuche you broke me first sin llorar va a ser el momento en el que estÃ© bien xddd"
18,Whoopty,"RT @AmberChar2: Just a little knife and a little popping !! Whoopty ... #Gameplay #Rebirth #CallofDutyWarzone #pcgaming #contentcreation #gâ€¦
@Power99Philly can we take throat baby and whoopty off the rotation good god
RT @DiscoveryDrill: "" Le meilleur son Drill c'est Whoopty t'faÃ§on "" https://t.co/JlPGdHhgnA
@juju_F15 Whoopty
RT @DojaCatStats: â€œStreetsâ€ has surpassed â€œSave Your Tearsâ€ and â€œWhooptyâ€ becoming the 6th most streamed song of 2021 in the US, with overâ€¦
RT @DaLilTunez: My boy @MONTANAof300 murdered that â€œWHOOPTYâ€ ğŸ”¥ğŸ¤
Moses lives Whoopty, like will wake from her sleep to listen
RT @DojaCatStats: â€œStreetsâ€ has surpassed â€œSave Your Tearsâ€ and â€œWhooptyâ€ becoming the 6th most streamed song of 2021 in the US, with overâ€¦
RT @NajiChill: Watch as #CJ talks about sleeping on Tik Tok at first, but then realizing the platform was blowing up his record â€œWhooptyâ€.â€¦
Now playing ğŸµCJ - Whoopty 05.01.21
Listen here: https://t.co/lTNBlEsX5O ğŸ†NO.1 RADIO STATION"
19,You're Mines Still,"RT @phan1om_: y everybody cover of youâ€™re mines still sound better than the original ğŸ¥²ğŸ¥²ğŸ¥²
y everybody cover of youâ€™re mines still sound better than the original ğŸ¥²ğŸ¥²ğŸ¥² https://t.co/MVi1NkZad5
everytime â€œyouâ€™re mines stillâ€ comes on , I sing that shi so loud ğŸ˜£
you're mines still
Fuck that nigga, you can tell him that youâ€™re mines still.
fuck that nigga, you can tell him that you're mines still.
RT @DoyinSoExtra: They say time heals, but dont go build no life without me cause youâ€™re mines still.
iNG - You're Mines Still (remix) https://t.co/L6aC83qFWT via @YouTube
yung bleu x youâ€™re mines still
â€œ Donâ€™t go build no life without me cause youâ€™re mines still â€œ ğŸ¥º #toxicrelationships KNOWS THE STRUGGLE ğŸ¥´"
20,Good Time,"RT @emo2thextremo: If you arenâ€™t Asian and use/consume anime, k-pop, or other Asian cultures and aesthetics as a part of your identity or pâ€¦
RT @Mannifresh25: If there was ever a time for Watson to sit behind a mic and speak.....now would be a good time.
@Agent0fLumos I'd say so in all honesty

To be honest Frank spent more time playing with the books and reading hisâ€¦ https://t.co/0tYxLMvLBk
RT @Ghidewon: â€œWe prefer 2 face our problems ourselves... in z long term, success can only come from inside us.â€â€”#PIA, Time, 3/30/1998. 

Tâ€¦
#FlyStreamingChallenge
Good morningâ˜€ï¸, rise and shineğŸŒ, keep streaming FlyğŸ§šğŸ»â€â™€ï¸â­

Just checked the 1st day views ofâ€¦ https://t.co/EhE3oxDsvy
@Pinky_purin Good luck next time, I'm sure you've got this!
RT @SWAction21: Final days of #SWAction21 campaign. Still time to share your #PersonalPledge to #RiseAgainstRacism.  And to join our Groupâ€¦
RT @tokyosexwhale: Itâ€™s competition time! I have a spare A4 Firefly Serenity, signed giclee print up for grabs. 
To win just RT and followâ€¦
@jiwoonsadvocate Good Morning!! 

But yes I think so!! It should update on same time like before!! So my suha updatâ€¦ https://t.co/2M0Cjj3Zyg
RT @titaluhaaa: Thursday afternoon, and it's time for some good ol' OPM Rap! 125 followers as of posting, make sure ro follow the playlistâ€¦"
21,My Ex's Best Friend,"I blocked my ex EVERYWHERE. He created an email starting with my best friendâ€™s name to apologize, tell me he stillâ€¦ https://t.co/Kmtrb4S4kL
i wanted to kiss my gay ex boyfriend whoâ€™s now my best friend because he just looked SO fine but he didnâ€™t let me ğŸ˜©
Realizing I was my ex best friendâ€™s only friend of color throughout our entire friendship is concerning
the fact that ciana has been my best friend for a fucking DECADE. i love u so much iâ€™m gonna keep hexing all your eâ€¦ https://t.co/E4f1yPodqM
#NowPlaying My Ex's Best Friend by Machine Gun Kelly / Blackbear #listen at https://t.co/RGN0Gpaxia
i didn't get into dan and phil until last year and yet there's these weird moments where they do stuff and it's likâ€¦ https://t.co/0NLQ4uGX05
Got a random itch to text my ex best friend but then remembered why sheâ€™s an EX best friend ğŸ˜­
My ex best friend is so annoying.. sheâ€™s so petty and I told her something for her safety and she wants to pick a fight over it.
itâ€™s my ex best friendâ€™s birthday and I didnâ€™t send her a text https://t.co/2WUSLZYdst
Your favorite music : my ex's best friend by Machine Gun Kelly ft. blackbear ** 24/7 pop/indie/alt awesomeness atâ€¦ https://t.co/0qwTjQrcKU"
22,Best Friend,"@paulie_atreides @BeauTFC Best friendâ€™s brother in law got into drones with some group after he left a popular teamâ€¦ https://t.co/mRYUI1GC2f
Friends buy you food.ğŸ Best friends eat your food with you.â™¥ï¸ Do you want to be my best friend? Add me!! https://t.co/OpmsiJixtO
get you a best friend that compliments you by comparing you to your comfort character ğŸ¥º
LMAOğŸ’€ğŸ’€ğŸ’€ Finally I got it why he looks so healthy and peaceful. Do not come back again, the f*cking demon. They'll bâ€¦ https://t.co/eciPm2mN1r
OMG BEST FRIEND HIIII https://t.co/LclgveaKXh
// I'll Join in My friend! Lemme just get registered for housing and grab my champagne. 

Time to go be the best meâ€¦ https://t.co/UIuzr4Foel
RT @raptalk: Releasing the first All My Favorite Rappers Are Dead NFT  with one of my best friend's 
@Tim_Sanchez
 original pictures. RIP Pâ€¦
it's hard when you lose a lover and you lose a best friend in the same day
RT @LoganPaul: i just watched my best friend @georgejanko do a live standup comedy show for the first time... holy fkn shit this kid is gonâ€¦
@hvcheoI Ok one turkey sandwich for my best friend payton â¤ï¸ğŸ”¥"
23,Good Days,"RT @SupaBwe: Iâ€™m tired of jumping through hoops to please these algorithms. I just wanna release music without strings being attached, likeâ€¦
RT @Aathike99896297: Good Morning Ajithiyans ğŸ”¥

43 Days To Go ...à®¤à®¿à®°à¯à®µà®¿à®´à®¾ à®¤à®² à®†à®°à®®à¯à®ªà®®à¯ 

01.05.2021 ğŸ™ğŸ•ºğŸ‚â¤ï¸

#UnbeatableAjithKingdom #Valimai hâ€¦
RT @milkpeel: waiting for them â€œgood daysâ€..that
pathological liar was singing about
RT @SkinLords: AWP Neo-Noir 48H CSGO Giveaway! ğŸ’°

ğŸ‘‰ Visit: https://t.co/vCJQqcuJgS
âœ… Retweet
âœ… Follow us
âœ… Tag a friend

Rolls in 2 days! Gâ€¦
where the good days at sza???
RT @SWAction21: Final days of #SWAction21 campaign. Still time to share your #PersonalPledge to #RiseAgainstRacism.  And to join our Groupâ€¦
@PinYoungActress In the USA, smoke weed. But Iâ€™ll smoke weed if Iâ€™m having a good day too. Iâ€™d just switch from Indâ€¦ https://t.co/Vr00d5Wh5y
RT @milkpeel: waiting for them â€œgood daysâ€..that
pathological liar was singing about
RT @David8ce: SZA good days a very great song
RT @milkpeel: waiting for them â€œgood daysâ€..that
pathological liar was singing about"
24,I Hope,"RT @bblvsty2: Day6 trending again, someone left a message for Jae with a meme I canâ€™t asdgjkfs: â€œhope Jaehyungie will always be happy!! Stuâ€¦
RT @conspiracyb0t: Are YOU seeing everything is rigged yet? I hope so, there are a lot of us working hard to wake people up.
RT @AsheEmbers: @LilithLovett She straight up fucked him up, but I hope she presses charges.
@TXT_members the beanie :(( youâ€™re so cute, i hope youâ€™re having a great day so far!!
@AnimeContexts @AoTesthetics I hope so ğŸ˜‚
RT @sandrinetwo: I hope chÎ±nyeol sees how much we love and support him ğŸ¥ºğŸ¥º

#TheBoxPremiere
#CHANYEOLinTheBox 
#3ì›”24ì¼_ì°¬ì—´_ë”ë°•ìŠ¤_ê°œ
RT @gres_ilino: CHANGBIN &amp; FELIX - ì¢‹ìœ¼ë‹ˆê¹Œ ('Cause I Like You)
Cover by me â¤âœ¨

HELP RT/LIKE PLEASE?

@Stray_Kids Hope you guys watch this ğŸ˜“ htâ€¦
SM &amp; merchie were not subtle with their timing, it's clear as day something happened behind the scenes for them toâ€¦ https://t.co/A86kGBnvo4
@BikingmannMann @PermissiontoQ I live in the same country. Different, less populated state though. My daughter is sâ€¦ https://t.co/b7MKnExRXr
itâ€™s been awhile since graham has been active i hope heâ€™s doing ok ğŸ˜”ğŸ˜© https://t.co/tVuR3ugzSy"
25,On Me,"@Eskom_SA Let me get this straight? The system dictacts when loadshedding is required based on how loaded it is rigâ€¦ https://t.co/qf7eiO3fBt
RT @earthrockmuse: Ugly crying. Ugly sobbing ğŸ˜©â¤ smile on his cheeks made me being so alive again ğŸ™Œ

#CHANYEOLinTheBox @weareoneEXO https://â€¦
RT @ceceegonz: SAC AREA. STAY SAFE &amp; STAY AWARE OF YOUR SURROUNDINGS. This happened to me at the winco on Watt Ave this morning. Sex traffiâ€¦
@AureliaOT7 @BTS_twt Meanwhile you call me on FT and then forget why you called and Iâ€™m the idiot ğŸ˜›
RT @A100888: $ 100 ğŸ¹ 1,350,000 IDR ğŸ¹ 4,600 PhP

ğŸ”¸RT, Like, Follow me and

@CryptoPoorBoy

ğŸ”¸Turn notifs on ğŸ”” for both of us
ğŸ”¸Post Proof

ğŸ”ˆEnâ€¦
RT @znqmi: choose either bp or welkin moon! 

- 1 winner

rules:
- rt to enter
- must be following me
- tag a friend for extra entry
- mobiâ€¦
RT @whitney_hu: it's not lost on me that a white man can murder 8 asian women and be arrested alive but breonna taylor was killed by policeâ€¦
RT @itss_taylorrrd: Iâ€™m really a distant person lol the closest people to me willl tell you. I would go days without talking to them not onâ€¦
it is actually so weird to me that ai dee is on a ""nostalgic miku"" playlist bc it feels like, yeah this is my musicâ€¦ https://t.co/mrizYEtHTD
RT @hyyhdddaeng: BH: alright we need to rec-

Jimin: I want a dog. 

BH: you donâ€™t even know- 

Namjoon: and a television 

Seokjin: with mâ€¦"
26,Streets,"@Naley___ @BOYDlVlSlONN yeah if weâ€™re being honest, that baby wonâ€™t be able to survive on the streets. If he canâ€™tâ€¦ https://t.co/RSlgnXSwB2
Listen, message! ğŸ¤£ğŸ¤ğŸ¾ #streets #name #hello #calling #summer #comedian #laugh #graveyard #graveyardshift #boredomâ€¦ https://t.co/MhJ8r3mtkY
RT @RestoreHope_20: 16 March 1965 mounted police in Montgomery, Alabama, violently attacked a peaceful civil rights demonstration. The nextâ€¦
RT @AishaYesufu: Many think that #EndSars protest was a failure because the youth left the streets after they were killed on the streets byâ€¦
RT @dopeshots_af: We cannot overlook the influence Italian ğŸ‡®ğŸ‡¹ on our fashion sense.

This makes Matariana part of our heritage. Just like tâ€¦
According to HlaingTharYa People, Military's sponsored thugs are raiding into streets and continuously shooting witâ€¦ https://t.co/fPVtpf3UbZ
@GOPLeader Fentanyl will further invade our streets and kill our children. Shame in this administration.
RT @rantonstupidity: @sheenayapchan @Lance21001 @DennisKPIX @KPIXtv Shameful that this should be happening on the streets of San Francisco.â€¦
Always good when the streets eat, nice one bro ğŸ¤™ğŸ¾ to more blessings ğŸ’¯ğŸ’¯ https://t.co/iMF1sLPdKg
RT @bigphabe: I love being cuffed, I am not for the streets fr ğŸ˜©"
27,Better Together,"RT @dyowniems: ""I want him in my life"" is way better than any confirmation anyone can ever give us. It's a guarantee that whatever happensâ€¦
not ba fans saying they arenâ€™t watching next week because their poor ships not together? What was it you were sayinâ€¦ https://t.co/4LjFZGDpHG
RT @cosmic4ever: @sir4thermo_1 ğŸ’ğŸ’Following All FollowersğŸ’ğŸ’
ğŸ¬ğŸ¬ğŸ¬@cosmic4everğŸ¬ğŸ¬ğŸ¬ğŸ¬
ğŸ³ğŸ³Weâ€™re Better TogetherğŸ³ğŸ³
RT @CastlexGOT7: JayB chose to be a ""freelancer"" to handle ALL GOT7 stuffs, at least fr now. Do you all think it's just for them? NO, it'sâ€¦
RT @lukamodric10: Better together ğŸ¤
RT @CastlexGOT7: JayB chose to be a ""freelancer"" to handle ALL GOT7 stuffs, at least fr now. Do you all think it's just for them? NO, it'sâ€¦
RT @jinwoopudding: Donâ€™t be afraid to join! These voting teams are aiming at providing assistance + group everyone together for a better reâ€¦
Thereâ€™s nothing better than when @TypicalGamer and @samararedway play fortnite together. He loves that woman! And she owns it
RT @CastlexGOT7: JayB chose to be a ""freelancer"" to handle ALL GOT7 stuffs, at least fr now. Do you all think it's just for them? NO, it'sâ€¦
Donâ€™t be afraid to join! These voting teams are aiming at providing assistance + group everyone together for a bettâ€¦ https://t.co/cfAGFMr2d7"
28,Throat Baby (Go Baby),"https://t.co/XdSRPRHkni
Now Playing on WSTR - DB Throat Baby (Go Baby) by BRS Kash Listen Online @ https://t.co/EcSGtQ7w2N https://t.co/b8db6WE1W0
https://t.co/sm1uRe6PkB
Throat baby I go throat crazy ..ğŸ’¦ğŸ’¦ğŸ‘¶ğŸ¾
BRS Kash - Throat Baby (Go Baby)
#NP BRS Kash - Throat Baby (Go Baby)  on #WeJamRadio https://t.co/xtfLScsf4C
@MisterSalesman I'm proud of my boy and can't wait to get my hands around the throat of whoever owns that dog for mâ€¦ https://t.co/jJSb0LEwgp
https://t.co/2SEZH9RC4n
throat baby. i go throat crazy.
Throat baby, Imma go Throat Crazy ğŸ˜œ"
29,Holy,"Holy. Smokin'! https://t.co/MIuyUQHFvt
RT @JohnFugelsang: Dear Media:

Stop saying the shooter was ""deeply religious.""
People of any faith who murder other people haven't actuallâ€¦
RT @AD_overthinks: 35,000 acre Jagannath Temple land is to be sold by the Odisha Government. 
A temple's land is for the Lord only. Stop thâ€¦
RT @randm_indianguy: Why only Hindu temples are targeted by this pseudo-secular Government. We don't want our holy temple land to be sold lâ€¦
RT @AD_overthinks: 35,000 acre Jagannath Temple land is to be sold by the Odisha Government. 
A temple's land is for the Lord only. Stop thâ€¦
(Hebrews 6:10)
10 For God is not unrighteous so as to forget your work and the love you showed for his name by miniâ€¦ https://t.co/FGrYvk5a7k
can yâ€™all stop posting depressing and sad shit like holy fuck i donâ€™t wanna see that
RT @Itssan17: And now #SnyderCut has officially crossed 100k tweets and the movie hasn't even premiered yet. Holy Shit, the hype is insaneâ€¦
RT @randm_indianguy: Why only Hindu temples are targeted by this pseudo-secular Government. We don't want our holy temple land to be sold lâ€¦
Lmfaooo I ainâ€™t shit bc I wonâ€™t block you but Iâ€™ll put yo contact on dnd and delete it ğŸ˜‚ shit got reported as junkâ€¦ https://t.co/c2quSRrxtm"
30,Put Your Records On,"RT @puffyspotif: Put Your Records On - Corinne Bailey Rae 
(4:37pm EST)
@GrimEye_ @blaublesse LMAO IG A BIGGER BRAIN IS NEEDED TO REALIZE THIS:
If Mihoyo can track every single thing likeâ€¦ https://t.co/Dp0rwIUMcm
GIRL put your records on
tell me your favorite song ğŸµğŸ¶ğŸ¶ğŸ¶
â€”â€”â€”1:02 AMâ€”â€”â€”- 
â€œâ€â€â€â€â€canâ€™t sleepâ€â€â€â€â€â€
â™« girl, put your records on, tell me your favorite song, you go ahead, let your hair down â™«
RT @Thecooliestdool: Me: :(
*â€put your records onâ€ plays*
Me: :)
Me: :(
*â€put your records onâ€ plays*
Me: :)
#NowPlaying Put Your Records On by Ritt Momney #listen at https://t.co/RGN0Gpaxia
RT @puffyspotif: Put Your Records On - Corinne Bailey Rae 
(4:37pm EST)
Put your records on

I vote for #ENHYPEN for #StanWorld 

#ì—”í•˜ì´í”ˆ @ENHYPEN @ENHYPEN_members
Put Your Records On x Ritt Momney is suchhhhhhh quality!!!"
31,Anyone,"Anyone else binge watching Last Chance U: Basketball on Netflix? Cuz like ğŸ¥º
RT @akashkivani: Can anyone explain it in simple terms, what's going on? #à¤®à¥à¤¸à¥à¤²à¤¿à¤®à¤­à¤¾à¤ˆ_à¤¸à¥à¤¨à¥‹à¤…à¤²à¥à¤²à¤¾à¤¹à¤•à¥€à¤¸à¤šà¥à¤šà¤¾à¤ˆ
RT @ViikateFN: Not going to be toxic anymore to anyoneğŸ˜Š not even as a joke! Would be nice if the community would be less toxic and egoisticğŸ‘
RT @alluringwitch: i want to be WOOED!!! i want to be ADORED!!! fuck anyone who says itâ€™s â€œcheesyâ€ or â€œa clicheâ€ i want to be ROMANCED!!!
RT @AmCalamity: ""Not for anyone""  [SFM]

#Fortnite #Fortniteart #Sourcefilmmaker #Wildwest https://t.co/Gna1poF8c2
Check out the fun flicks that are gonna screen at a drive-in this Spring in Austin thanks to @mikelfair andâ€¦ https://t.co/vTRCFNDpP3
RT @jmnstits: Anyone who says, ""zayn's flopping despite doing promos"" should tune in to the SIRIUSXM interview and listen to those guys spiâ€¦
RT @SenSchumer: BIGâ€”The #AmericanRescuePlan makes student loan forgiveness tax-free.

This means President Biden can #CancelStudentDebt witâ€¦
Tuba, a great Humanitarian, loving Mother, beautiful Person who would not hurt anyone by words or deeds. We are behâ€¦ https://t.co/QPOYok3wVW
RT @CFCIvey_: Good morning to anyone whose manager is still unbeaten in every competitionğŸ˜, &amp; a special Goodmorning to all the @ChelseaFC &amp;â€¦"
32,Willow,"@justlovinswift Willow is a good name
RT @ArfArts: ğŸ–¤ @cucumber_vape https://t.co/QJ0Mb06zIZ
@BigLizard5000 Lollll will tell you when I see you irl shakskfjdja itâ€™s been a while since Iâ€™ve seen you so much has happened ğŸ˜«
RT @mxUSim: ìƒ´í˜ì¸ ë°˜ì”ë§ˆì‹œê³  ë¹„í–‰ê¸°ì—ì„œ í† í•œ ë¯¼í˜ì´
ì†Œì£¼ ë‘ì”ë§ˆì‹œê³  ê¹»ì ë§ˆì‹œì¨..ì–˜ë“œë¼..ê·¼ëŒ€ ê¹¬ë‹™ì´ ë§ˆì‹¯ë‹¤.... ê·¼ë° ì‡ì”ì•„...ê¹»ì…ì´ ë§ˆì‹¯ì–´ ì–˜ë“¤ì•„.. ì—¬ê¸° ê¹¬ë‹™ë§›ì§‘ì´ë‹¤... ì—°ë°œí•˜ëŠ” ë¯¼í˜ì´
RT @hotmaramat: ğŸ‘¤ì˜¤ ë­ì•¼
 ì‚° ë‹¤ë…€ì™”ì–´?                         ì•„ë‹ˆ 20000ì¼           
                                                ì¶•í•˜ì‚¬ì§„ì¸ë°.. https:â€¦
literally like where are willow, xander, anya, dawn and giles it still doesnt sit right with me that none of them eâ€¦ https://t.co/HAdMzwKYmJ
I ripped the performance audio from YouTube &amp; remastered it! Sounds great! #TaylorSwiftGrammys #albumoftheyear #cardigan #august #willow
é€²æ—: é‹è»¢ã®ãƒªãƒãƒ“ãƒª
@7Zerx7 Looks cool with all the agents and jonesy oh and meet willow in my game yesterday now I wish I had gnash now.
RT @monsta_onion: ë§˜ì° ì¹œí•´ì§€ìëŠ” ëœ»ìœ¼ë¡œ ì•Œê² ìŠµë‹ˆë‹¤.
ì•Œí‹° ì‚¬ë‘í•œë‹¤ëŠ” ëœ»ìœ¼ë¡œ ì•Œê² ìŠµë‹ˆë‹¤.
ì¸ìš© ì €ë‘ ë°˜ëª¨í•˜ìëŠ” ëœ»ìœ¼ë¡œ ì•Œê² ìŠµë‹ˆë‹¤.
ë©˜ì…˜ ìš°ë¦° ì§±ì¹œì´ë¼ëŠ” ëœ»ìœ¼ë¡œ ì•Œê² ìŠµë‹ˆë‹¤.
ë””ì—  ì‚¬ê·€ìëŠ”ê±°ë¡œ ì•Œê² ìŠµë‹ˆë‹¤. https://t.co/XUftHâ€¦"
33,Just The Way,"RT @JRRTolkien: â€˜Middle-earthâ€™, by the way, is not a name of a never-never land without relation to the world we live in...It is just a useâ€¦
itâ€™s not been that long but just the way i feel about him has taught me that itâ€™s okay and helped me moved on fromâ€¦ https://t.co/0j0HpigiKk
RT @emotionaffairs: I'm convinced the writers don't want us to ship Barchie anymore. The way Archie acted in this episode, convo he had witâ€¦
RT @careIoved: just because YOU donâ€™t understand the way i feel, doesnâ€™t mean my emotions are invalid
I was just thinking â€œby the time Iâ€™m 27 I should really have my shit togetherâ€ dude no way lol thatâ€™s next year ğŸ˜£
RT @CaptMarvelNews: SPOILER ALERT! 
.
.
.
.

I loved the way Strange approached to Carol. He was caring, worried about her. Made her laugh.â€¦
RT @Nadaf6Altaf: Just saw that #RippedJeansTwitter is trending... Here is the man who started the trend of ripped jeans way back before...â€¦
We either have the capacity to turn it on and off as we like or we're going to be burning a mountain of $$$ dieselâ€¦ https://t.co/pyFViIQket
RT @careIoved: just because YOU donâ€™t understand the way i feel, doesnâ€™t mean my emotions are invalid
RT @yoongicloud_: The way he was so happy while cycling he just kept on appreciating ""its nice to ride bikes""ğŸ¥º
https://t.co/sg3rSa3HRl"
34,Without You,"RT @jkbun_twt: ""tell me you're worldwide handsome without telling me you're worldwide handsome"" 

seokjin: https://t.co/wsn8GrS8Bu
RT @quenblackwell: men be like: okay...maybe i did emotionally manipulate the SHIT out of you BUT it wasnâ€™t with bad intentions!ğŸ˜­ my love iâ€¦
@GenshinImpact If you focus on content first people would have other stuff to do then make or check leaks. Besidesâ€¦ https://t.co/Cw0LkEumOe
RT @BerniceKing: â€œWe must see now that the evils of racism, economic exploitation, and militarism are all tied together. And you canâ€™t getâ€¦
RT @LKTV_: you can't spell wiz*one without iz*one

#IZONETheReasonWeExist
RT @quenblackwell: men be like: okay...maybe i did emotionally manipulate the SHIT out of you BUT it wasnâ€™t with bad intentions!ğŸ˜­ my love iâ€¦
With or without glasses?ğŸ‘“ I look like a bad teacherğŸ‘©ğŸ»â€ğŸ« ğŸ˜ˆ.. Do you want private lessons? https://t.co/t9w0D8lyIH
RT @ssamyenmoments: â€œYou always make me laugh. You are my comedian, I canâ€™t live without you. Lets be roomates foreverâ€ - Chaewon to Yena hâ€¦
@johnstf @SpookyEvilOne How do you get cats out of a heated bed without feeding 7x24 asking for a friend
@hannahmuktar @salakwa1 You finished uni, bought land not hair and iPhone? Wow, are you really a Nigerian lady? I câ€¦ https://t.co/2nqeGBFS6Q"
35,Bang!,"@VirtualThumb @pawjar Harus bawa apa aja bang?
@Yixing_Zhoumi MHIE?? ANO BANG NANGYAYARI??
RT @hyunsaff: this                    with              this
hyunjin                                    bang chan https://t.co/IB31EHTvjQ
RT @corneliaxoxoxo: Wala na bang pasabog ha? Pwede na ko kumalma at magwork?
@anansmr24 @Svizzera_CH @OjolPangeran01 Boleh minta QR nya bang ojol, mas
RT @Bukanorangbija2: Assalamu'alaikum
Sepatu safety yours step Rfs
Bahan suede 
Sol karet
Plat besi
Size 39-43
Harga 300rb

Pemesanan dm/WAâ€¦
RT @chanlooks: i believe in go live era bang chan supremacy https://t.co/Ja36gasWgW
ğŸ‘§ğŸ» : Maap bang baru belajar

Ehh ngeratain 1 sq wkwkw ğŸ¤£
Gk jd nyamar jd bot https://t.co/ixfVSd5gfB
@Bang_Garr @A100888 https://t.co/fYMVVneelY
@traktor_bang @mizdec @atticus_flinch Ñƒ Ğ¼ĞµĞ½Ñ Ğ²Ğ¾Ğ¾Ğ±Ñ‰Ğµ Ñ Ñ€Ğ°Ğ±Ğ¾Ñ‚Ñ‹ Ğ½Ğ¸ĞºÑ‚Ğ¾ Ğ½Ğµ Ñ…Ğ¾Ñ‡ĞµÑ‚ Ğ¿Ñ€Ğ¸Ğ²Ğ¸Ğ²Ğ°Ñ‚ÑŒÑÑ (25 Ñ‡ĞµĞ»Ğ¾Ğ²ĞµĞº) , Ğ´Ğ°Ğ¶Ğµ Ğ½ĞµÑĞ¼Ğ¾Ñ‚Ñ€â€¦ https://t.co/0Qc1MJaEKp"
36,Down To One,"RT @JoeyAkan: And not to forget, he goes down in history as the only man to pee on a Grammy, and still win one the next year.
RT @RossBarkan: Happy one year anniversary to Andrew Cuomo shooting down the idea of a shutdown for New York City as thousands of people weâ€¦
RT @MARCSInstitute: Did you know this week is Brain Awareness Week? We sat down with one of our Cognitive Neuroscientists, Dr Tijl Grootswaâ€¦
RT @AnandFC3: Be that strong girl that everyone knew would make it through the worst, be that fearless girl, the one who would dare to do aâ€¦
Number one oppa gangnam style, yeah Korean Psy we bout to get down (get down)
RT @MuslimsDwnUnder: What does being Australian really mean?

Does it require one to integrate or assimilate? 

Find out the answers to theâ€¦
This is such a crazy situation. And one that has not gone down very well at all in the Indonesian badminton communiâ€¦ https://t.co/LtAuKROEjY
i felt the second one right down to my core https://t.co/1Ypqxg9u1T
@NMalone8 Since the school I put my little one in decided to skip reading till theyâ€™re in first grade Iâ€™ve decidedâ€¦ https://t.co/UQlzBEWqgQ
thinking about how work song is one of the most romantic songs........â€no grave can hold my body down iâ€™ll crawl hoâ€¦ https://t.co/OBrQoXsH7d"
37,No More Parties,"No more play time until im heavily PAID!! no more parties or nun, im not bullshitting neither
No More Parties In LA https://t.co/ZecNJWKUAe via @tmsupergrateful
RT @Vevo: .@lildurk hopped on @Coi_Leray's viral hit, ""No More Parties."" ğŸ Watch them tidy up from the night before, and even make a goat fâ€¦
that no more parties song so fuckin annoying
Now playing on HUSH Radio app Coi Leray ft. Lil Durk - No More Parties..download the app now from your google play store
RT @Vevo: .@lildurk hopped on @Coi_Leray's viral hit, ""No More Parties."" ğŸ Watch them tidy up from the night before, and even make a goat fâ€¦
Can someone please tell me what sound reese youngn made in his no more parties remix ğŸ˜­ğŸ˜­ğŸ˜­ğŸ¥´
RT @Vevo: .@lildurk hopped on @Coi_Leray's viral hit, ""No More Parties."" ğŸ Watch them tidy up from the night before, and even make a goat fâ€¦
â€œNo More Partiesâ€ remix out now â¤ï¸ #CoiLeray #NoMoreParties
@aridaslimmaz oh ğŸ˜­ reese youngn- ""no more parties"" remix"
38,Lemonade,"18.03. 07:16 Uhr: Ricky Dietz ""Lemonade Drip""
@upnostalgia @godamniro lemonade aoty https://t.co/kee5U2HCfk
RT @mahitodilf: Whoever made Wendyâ€™s strawberry lemonade needa get they ass ate ASAP
@lemonade_yellow å¥¥ãŒæ·±ã„ã‚²ãƒ¼ãƒ ã§ã™ã­ï¼ç¢ºã‹ï¼
RT @S4hmFN: Lulz highlight#3 / LemonadeğŸ‹
ppppllllllllllsssssssss FAVï¼†RT!! https://t.co/GjPqV260wr
yâ€™all im so dumb.. i was in the McDonaldâ€™s drive thru with my friend and he told me to order him a lemonade calledâ€¦ https://t.co/g6z4Oou01W
@lemonade_0918 ãˆï¼
ã˜ã‚ƒã‚ä»Šåº¦é£Ÿã¹ã¦ã¿ã‚‹ã‚ï¼
éŒå€‰ã£ã¦ã¤ã„ã¤ã„å…«å¹¡å®®å´ã°ã‹ã‚Šè¡ŒããŒã¡ã ã‹ã‚‰ã€å¾¡æˆã®æ–¹å…¨ç„¶é–‹æ‹“ã§ãã¦ãªãã¦é¢ç™½ã„ï¼ç¬‘
When life gives you lemons, make lemonade! https://t.co/ouaU0sqT0m https://t.co/7kWVTObe9m
RT @RadioCandyRadio: Now playing Karmic Lemonade by #VelvetStarlings!
@StraderZane @nightwaynes I need some lol. All I have that can give me enerhy is lemonade and I don't know if there's enough of it"
39,Telepatia,"RT @beidoeu: #åŸç¥ TelepatÃ­a ft. #VENTI! https://t.co/KEcGcYyl2L
RT @ganwangxingpics: #wangxing: telepatÃ­a 

#ç”˜æœ›æ˜Ÿ + #GanWangXing 
  â†ªï¸ #CHUANG2021Â â™¡ #åˆ›é€ è¥2021 https://t.co/6z8VLbliEc
RT @beidoeu: #åŸç¥ TelepatÃ­a ft. #VENTI! https://t.co/KEcGcYyl2L
RT @marianawismann: Ya me casÃ© contigo por telepatÃ­a
RT @marianawismann: Ya me casÃ© contigo por telepatÃ­a
RT @marianawismann: Ya me casÃ© contigo por telepatÃ­a
Me caga que TelepatÃ­a de Kali Uchis se haya hecho tannn famosa porque ahora por eso la diosa Uchis estÃ¡ con la peor parte de TikTokmx.
Te enviÃ© un besito en la mejilla por telepatÃ­a, Â¿lo sentiste?
RT @marianawismann: Ya me casÃ© contigo por telepatÃ­a
RT @marianawismann: Ya me casÃ© contigo por telepatÃ­a"
40,The Good Ones,"@Nikunj21129 Yes, the black atlas ones, though it was â‚¹2 per hour and â‚¹5 for 5 hrs. Good old times ğŸ˜‡
RT @FilmstoFilms_: Movies are â€œgoodâ€ or â€œbadâ€ depends on how they make us feel. Sometimes the ones most people consider bad for you they'reâ€¦
RT @XanozIchimonji: I'm not a fan of the 'not all' but I've done it before out of being emotional and overwhelmed by everything. Try to notâ€¦
RT @FaventM: @Tariq_st_Patrik Tuchel is a good coach. Same players that Lampard bought and could not put to optimal use, are the ones becomâ€¦
|| Ok, let's admit it

I am NOT a good blitz

BUT

I am one of the funniest ones!
RT @FilmstoFilms_: Movies are â€œgoodâ€ or â€œbadâ€ depends on how they make us feel. Sometimes the ones most people consider bad for you they'reâ€¦
RT @XanozIchimonji: I'm not a fan of the 'not all' but I've done it before out of being emotional and overwhelmed by everything. Try to notâ€¦
@KokopelliDesign ğŸ˜€ I did a good 6 months of flower painting and moved with the seasons. As they come around again,â€¦ https://t.co/gdRL61H4r1
@HEBobiwine #ripmagufuli #WhatWouldMagufuliDo Only the Good ones leave us,,,ğŸ˜­ğŸ˜­
Same brand but not Kombucha~
That one is so sour ğŸ¥º I can't really eat sour foods that much...

Good Aftermorning myâ€¦ https://t.co/PnLZdkZXEG"
41,Lonely,"911/ Mr lonely is just yes rn
I lonely...sorta
@drewstical umm yeah hes very strict... did he said anything on lonely, anyone or hold on?
RT @DaddyKayKayy: Being a night owl gets lonely because I be up and everybody be sleep.
i feel so lonely 2day
oh god i forgot to put that this is about spotify wrapped
Hurt. Lonely.
grown up qiqi, lonely
#ã‚¤ãƒ©ã‚¹ãƒˆ #ã‚¤ãƒ©ã‚¹ãƒˆå¥½ããªäººã¨ç¹‹ãŒã‚ŠãŸã„ #ã‚¤ãƒ©ã‚¹ãƒˆã‚°ãƒ©ãƒ  #genshin #åŸç¥  
#Qiqi 
#illust #ArtistOnTwitter https://t.co/9N6FCeu6lu
@yourmomrry pov: youâ€™re a sad lonely virgin who canâ€™t drive (look above)
I want to abuse vyvanse with someone . Someone come over Iâ€™m lonely and the kids are at Kanyeâ€™s"
42,Cry Baby,"RT @leeapple44: Baby ELFs, thank you! Hahahaha. I notice there are many baby elfs and really helped us in streaming. We had a hard time reaâ€¦
Hush now baby, don't you cry
RT @loeyspie: Jo Dalhwan on Chanyeol: ""I felt as if a baby bird came out its cage and I was moved"" ):

My heart has a thing for Chanyeol geâ€¦
RT @leeapple44: Baby ELFs, thank you! Hahahaha. I notice there are many baby elfs and really helped us in streaming. We had a hard time reaâ€¦
ficar falando mal da aparÃªncia da Melanie, pq o web ele quando tinha a oportunidade falava mal da aparÃªncia da Melaâ€¦ https://t.co/8Dv6K9TDsG
RT @leeapple44: Baby ELFs, thank you! Hahahaha. I notice there are many baby elfs and really helped us in streaming. We had a hard time reaâ€¦
RT @leeapple44: Baby ELFs, thank you! Hahahaha. I notice there are many baby elfs and really helped us in streaming. We had a hard time reaâ€¦
RT @leeapple44: Baby ELFs, thank you! Hahahaha. I notice there are many baby elfs and really helped us in streaming. We had a hard time reaâ€¦
RT @leeapple44: Baby ELFs, thank you! Hahahaha. I notice there are many baby elfs and really helped us in streaming. We had a hard time reaâ€¦
We going through it rn I know baby donâ€™t cry. ğŸ˜ https://t.co/DyrztBvEN5"
43,Dynamite,"RT @JennaGuillaume: I wrote about @BTS_twt's journey with #Dynamite through more than 30 (!) performances, and the narrative of connectionâ€¦
RT @btsyoutubedata: .@BTS_twt 'Dynamite' MV has surpassed 930M views on YouTube
@jaehyun97_net @Pepepan90 @leggorbitch dynamite is so overrated lol
RT @arirangtvnews: â–ª BTS' DOUBLE-PLATINUM 'DYNAMITE'

BTS earns double-platinum certification from RIAA for their hit song 'Dynamite'

#BTSâ€¦
RT @BigHitEnt: [ê¸°ì‚¬] #BTS Set Another Massive Guinness World Record With 'Dynamite'
https://t.co/L0xqvmui9s
RT @charts_k: â€œDynamiteâ€ (@BTS_twt) becomes the first song in Gaon Digital Chart history to spend 30 weeks inside the Top 10!
RT @BigHitEnt: [ê¸°ì‚¬] #BTS Set Another Massive Guinness World Record With 'Dynamite'
https://t.co/L0xqvmui9s
RT @SerieTV46: Top 3 most Digital points for a Idol boy group on Gaon in 2021:

#1 @BTS_twt ""Dynamite"" - 180,705,930
#2 @BTS_twt ""Life Goesâ€¦
RT @chartdata: ""Dynamite"" is now @BTS_twt's highest certified song by the @RIAA.
RT @BigHitEnt: [ê¸°ì‚¬] #ë°©íƒ„ì†Œë…„ë‹¨ 'Dynamite', ç¾ RIAA 'ë”ë¸” í”Œë˜í‹°ë„˜' ì¸ì¦â€¦éŸ“ ìµœë‹¤ ê¸°ë¡
https://t.co/cLTvnceWhf"
44,What's Your Country Song,"RT @ochakeki: ğŸ¸ when you love someone
â€” for #xiaoventi2021's day six: aesthetics

au where you get a tattoo of your soulmate's favorite sonâ€¦
@zaynmalik @siriusxmvolume whatâ€™s your favorite country song?
RT @TasteOfCountry: What's your No.1 country song you're listening to right now?
RT @northernchica: Whatâ€™s your favorite country love song? Or sad country song?
@TasteOfCountry What's your No.1 country song you're listening to right now? Roy Rogers - #KaceyMusgraves https://t.co/czT8IRhfGz
Whatâ€™s your favorite country love song? Or sad country song?
RT @TasteOfCountry: What's your No.1 country song you're listening to right now?
THIS WEEKâ€™S MEDIABASE TOP 10 (#1-5)

1.) @PARMALEE &amp; @BLANCOBROWN - â€œJust The Wayâ€ 

2.) @THOMASRHETT - â€œWhat's Youâ€¦ https://t.co/QlEKxlpGyJ
RT @FiddleSabre: â€œWhatâ€™s Your Country Songâ€ by @ThomasRhett on pace to be the #1 song on both Mediabase and Billboard Country Airplay nextâ€¦
.@zaynmalik whatâ€™s your favorite country song ğŸ˜ğŸ˜"
45,My Head And My Heart,"RT @hinaa931: My heart aches, head hurts and blood boils. How could somebody stoop so freaking low?!

SC Grant No Bail To Rhea https://t.coâ€¦
being snuggled up in this arms just feels like home, and his heart beat ? a sound that lives rent free in my head &lt;3 iâ€™m in luvvvv
I keep it to myself and try not to cry too hard
 I just want to rest my head on your chest
 So I'm as close to yourâ€¦ https://t.co/YsxOcDlwPu
RT @qu8nxi: @raz8rsbff Take me into your loving arms
Kiss me under the light of a thousand stars
Oh darling, place your head on my beatingâ€¦
@raz8rsbff Take me into your loving arms
Kiss me under the light of a thousand stars
Oh darling, place your head onâ€¦ https://t.co/RfTZxEtdld
@Clover_Kshop Kahit masakit sa loob looban and deepest part of my heart, ipaubaya ko na sa iba la. Sabi ni mama, ""bâ€¦ https://t.co/tgE3SfnsmF
@Jolietheetherna I understand you perfectly. But we all looking for a better and for the best liking someone a beauâ€¦ https://t.co/GWUo2qRNox
i wanna rip my heart out and head off
RT @CryptoKaybug: Sitting looking at the charts and watching tv with my kids. â€œMom, your gonna buy me LOTS of hatchaminals when we go to thâ€¦
Sitting looking at the charts and watching tv with my kids. â€œMom, your gonna buy me LOTS of hatchaminals when we goâ€¦ https://t.co/8R456bYDSE"
